--
-- PostgreSQL database dump
--

-- Dumped from database version 10.0
-- Dumped by pg_dump version 10.0

SET statement_timeout = 0;
SET lock_timeout = 0;
SET idle_in_transaction_session_timeout = 0;
SET client_encoding = 'UTF8';
SET standard_conforming_strings = on;
SET check_function_bodies = false;
SET client_min_messages = warning;
SET row_security = off;

--
-- Name: plpgsql; Type: EXTENSION; Schema: -; Owner:
--

CREATE EXTENSION IF NOT EXISTS plpgsql WITH SCHEMA pg_catalog;


--
-- Name: EXTENSION plpgsql; Type: COMMENT; Schema: -; Owner:
--

COMMENT ON EXTENSION plpgsql IS 'PL/pgSQL procedural language';


SET search_path = public, pg_catalog;

SET default_tablespace = '';

SET default_with_oids = false;

--
-- Name: ar_internal_metadata; Type: TABLE; Schema: public; Owner: postgres
--

CREATE TABLE ar_internal_metadata (
    key character varying NOT NULL,
    value character varying,
    created_at timestamp without time zone NOT NULL,
    updated_at timestamp without time zone NOT NULL
);


ALTER TABLE ar_internal_metadata OWNER TO postgres;

--
-- Name: cama_comments; Type: TABLE; Schema: public; Owner: postgres
--

CREATE TABLE cama_comments (
    id integer NOT NULL,
    author character varying,
    author_email character varying,
    author_url character varying,
    "author_IP" character varying,
    content text,
    approved character varying DEFAULT 'pending'::character varying,
    agent character varying,
    typee character varying,
    comment_parent integer,
    post_id integer,
    user_id integer,
    created_at timestamp without time zone NOT NULL,
    updated_at timestamp without time zone NOT NULL
);


ALTER TABLE cama_comments OWNER TO postgres;

--
-- Name: cama_comments_id_seq; Type: SEQUENCE; Schema: public; Owner: postgres
--

CREATE SEQUENCE cama_comments_id_seq
    AS integer
    START WITH 1
    INCREMENT BY 1
    NO MINVALUE
    NO MAXVALUE
    CACHE 1;


ALTER TABLE cama_comments_id_seq OWNER TO postgres;

--
-- Name: cama_comments_id_seq; Type: SEQUENCE OWNED BY; Schema: public; Owner: postgres
--

ALTER SEQUENCE cama_comments_id_seq OWNED BY cama_comments.id;


--
-- Name: cama_custom_fields; Type: TABLE; Schema: public; Owner: postgres
--

CREATE TABLE cama_custom_fields (
    id integer NOT NULL,
    object_class character varying,
    name character varying,
    slug character varying,
    objectid integer,
    parent_id integer,
    field_order integer,
    count integer DEFAULT 0,
    is_repeat boolean DEFAULT false,
    description text,
    status character varying
);


ALTER TABLE cama_custom_fields OWNER TO postgres;

--
-- Name: cama_custom_fields_id_seq; Type: SEQUENCE; Schema: public; Owner: postgres
--

CREATE SEQUENCE cama_custom_fields_id_seq
    AS integer
    START WITH 1
    INCREMENT BY 1
    NO MINVALUE
    NO MAXVALUE
    CACHE 1;


ALTER TABLE cama_custom_fields_id_seq OWNER TO postgres;

--
-- Name: cama_custom_fields_id_seq; Type: SEQUENCE OWNED BY; Schema: public; Owner: postgres
--

ALTER SEQUENCE cama_custom_fields_id_seq OWNED BY cama_custom_fields.id;


--
-- Name: cama_custom_fields_relationships; Type: TABLE; Schema: public; Owner: postgres
--

CREATE TABLE cama_custom_fields_relationships (
    id integer NOT NULL,
    objectid integer,
    custom_field_id integer,
    term_order integer,
    object_class character varying,
    value text,
    custom_field_slug character varying,
    group_number integer DEFAULT 0
);


ALTER TABLE cama_custom_fields_relationships OWNER TO postgres;

--
-- Name: cama_custom_fields_relationships_id_seq; Type: SEQUENCE; Schema: public; Owner: postgres
--

CREATE SEQUENCE cama_custom_fields_relationships_id_seq
    AS integer
    START WITH 1
    INCREMENT BY 1
    NO MINVALUE
    NO MAXVALUE
    CACHE 1;


ALTER TABLE cama_custom_fields_relationships_id_seq OWNER TO postgres;

--
-- Name: cama_custom_fields_relationships_id_seq; Type: SEQUENCE OWNED BY; Schema: public; Owner: postgres
--

ALTER SEQUENCE cama_custom_fields_relationships_id_seq OWNED BY cama_custom_fields_relationships.id;


--
-- Name: cama_metas; Type: TABLE; Schema: public; Owner: postgres
--

CREATE TABLE cama_metas (
    id integer NOT NULL,
    key character varying,
    value text,
    objectid integer,
    object_class character varying
);


ALTER TABLE cama_metas OWNER TO postgres;

--
-- Name: cama_metas_id_seq; Type: SEQUENCE; Schema: public; Owner: postgres
--

CREATE SEQUENCE cama_metas_id_seq
    AS integer
    START WITH 1
    INCREMENT BY 1
    NO MINVALUE
    NO MAXVALUE
    CACHE 1;


ALTER TABLE cama_metas_id_seq OWNER TO postgres;

--
-- Name: cama_metas_id_seq; Type: SEQUENCE OWNED BY; Schema: public; Owner: postgres
--

ALTER SEQUENCE cama_metas_id_seq OWNED BY cama_metas.id;


--
-- Name: cama_posts; Type: TABLE; Schema: public; Owner: postgres
--

CREATE TABLE cama_posts (
    id integer NOT NULL,
    title character varying,
    slug character varying,
    content text,
    content_filtered text,
    status character varying DEFAULT 'published'::character varying,
    published_at timestamp without time zone,
    post_parent integer,
    visibility character varying DEFAULT 'public'::character varying,
    visibility_value text,
    post_class character varying DEFAULT 'Post'::character varying,
    created_at timestamp without time zone NOT NULL,
    updated_at timestamp without time zone NOT NULL,
    user_id integer,
    post_order integer DEFAULT 0,
    taxonomy_id integer,
    is_feature boolean DEFAULT false
);


ALTER TABLE cama_posts OWNER TO postgres;

--
-- Name: cama_posts_id_seq; Type: SEQUENCE; Schema: public; Owner: postgres
--

CREATE SEQUENCE cama_posts_id_seq
    AS integer
    START WITH 1
    INCREMENT BY 1
    NO MINVALUE
    NO MAXVALUE
    CACHE 1;


ALTER TABLE cama_posts_id_seq OWNER TO postgres;

--
-- Name: cama_posts_id_seq; Type: SEQUENCE OWNED BY; Schema: public; Owner: postgres
--

ALTER SEQUENCE cama_posts_id_seq OWNED BY cama_posts.id;


--
-- Name: cama_term_relationships; Type: TABLE; Schema: public; Owner: postgres
--

CREATE TABLE cama_term_relationships (
    id integer NOT NULL,
    objectid integer,
    term_order integer,
    term_taxonomy_id integer
);


ALTER TABLE cama_term_relationships OWNER TO postgres;

--
-- Name: cama_term_relationships_id_seq; Type: SEQUENCE; Schema: public; Owner: postgres
--

CREATE SEQUENCE cama_term_relationships_id_seq
    AS integer
    START WITH 1
    INCREMENT BY 1
    NO MINVALUE
    NO MAXVALUE
    CACHE 1;


ALTER TABLE cama_term_relationships_id_seq OWNER TO postgres;

--
-- Name: cama_term_relationships_id_seq; Type: SEQUENCE OWNED BY; Schema: public; Owner: postgres
--

ALTER SEQUENCE cama_term_relationships_id_seq OWNED BY cama_term_relationships.id;


--
-- Name: cama_term_taxonomy; Type: TABLE; Schema: public; Owner: postgres
--

CREATE TABLE cama_term_taxonomy (
    id integer NOT NULL,
    taxonomy character varying,
    description text,
    parent_id integer,
    count integer,
    name character varying,
    slug character varying,
    term_group integer,
    term_order integer,
    status character varying,
    created_at timestamp without time zone NOT NULL,
    updated_at timestamp without time zone NOT NULL,
    user_id integer
);


ALTER TABLE cama_term_taxonomy OWNER TO postgres;

--
-- Name: cama_term_taxonomy_id_seq; Type: SEQUENCE; Schema: public; Owner: postgres
--

CREATE SEQUENCE cama_term_taxonomy_id_seq
    AS integer
    START WITH 1
    INCREMENT BY 1
    NO MINVALUE
    NO MAXVALUE
    CACHE 1;


ALTER TABLE cama_term_taxonomy_id_seq OWNER TO postgres;

--
-- Name: cama_term_taxonomy_id_seq; Type: SEQUENCE OWNED BY; Schema: public; Owner: postgres
--

ALTER SEQUENCE cama_term_taxonomy_id_seq OWNED BY cama_term_taxonomy.id;


--
-- Name: cama_users; Type: TABLE; Schema: public; Owner: postgres
--

CREATE TABLE cama_users (
    id integer NOT NULL,
    username character varying,
    role character varying DEFAULT 'client'::character varying,
    email character varying,
    slug character varying,
    password_digest character varying,
    auth_token character varying,
    password_reset_token character varying,
    parent_id integer,
    password_reset_sent_at timestamp without time zone,
    last_login_at timestamp without time zone,
    created_at timestamp without time zone NOT NULL,
    updated_at timestamp without time zone NOT NULL,
    site_id integer DEFAULT '-1'::integer,
    confirm_email_token character varying,
    confirm_email_sent_at timestamp without time zone,
    is_valid_email boolean DEFAULT true,
    first_name character varying,
    last_name character varying
);


ALTER TABLE cama_users OWNER TO postgres;

--
-- Name: cama_users_id_seq; Type: SEQUENCE; Schema: public; Owner: postgres
--

CREATE SEQUENCE cama_users_id_seq
    AS integer
    START WITH 1
    INCREMENT BY 1
    NO MINVALUE
    NO MAXVALUE
    CACHE 1;


ALTER TABLE cama_users_id_seq OWNER TO postgres;

--
-- Name: cama_users_id_seq; Type: SEQUENCE OWNED BY; Schema: public; Owner: postgres
--

ALTER SEQUENCE cama_users_id_seq OWNED BY cama_users.id;


--
-- Name: plugins_attacks; Type: TABLE; Schema: public; Owner: postgres
--

CREATE TABLE plugins_attacks (
    id bigint NOT NULL,
    path character varying,
    browser_key character varying,
    site_id bigint,
    created_at timestamp without time zone
);


ALTER TABLE plugins_attacks OWNER TO postgres;

--
-- Name: plugins_attacks_id_seq; Type: SEQUENCE; Schema: public; Owner: postgres
--

CREATE SEQUENCE plugins_attacks_id_seq
    START WITH 1
    INCREMENT BY 1
    NO MINVALUE
    NO MAXVALUE
    CACHE 1;


ALTER TABLE plugins_attacks_id_seq OWNER TO postgres;

--
-- Name: plugins_attacks_id_seq; Type: SEQUENCE OWNED BY; Schema: public; Owner: postgres
--

ALTER SEQUENCE plugins_attacks_id_seq OWNED BY plugins_attacks.id;


--
-- Name: plugins_contact_forms; Type: TABLE; Schema: public; Owner: postgres
--

CREATE TABLE plugins_contact_forms (
    id integer NOT NULL,
    site_id integer,
    count integer,
    parent_id integer,
    name character varying,
    slug character varying,
    description text,
    value text,
    settings text,
    created_at timestamp without time zone,
    updated_at timestamp without time zone
);


ALTER TABLE plugins_contact_forms OWNER TO postgres;

--
-- Name: plugins_contact_forms_id_seq; Type: SEQUENCE; Schema: public; Owner: postgres
--

CREATE SEQUENCE plugins_contact_forms_id_seq
    AS integer
    START WITH 1
    INCREMENT BY 1
    NO MINVALUE
    NO MAXVALUE
    CACHE 1;


ALTER TABLE plugins_contact_forms_id_seq OWNER TO postgres;

--
-- Name: plugins_contact_forms_id_seq; Type: SEQUENCE OWNED BY; Schema: public; Owner: postgres
--

ALTER SEQUENCE plugins_contact_forms_id_seq OWNED BY plugins_contact_forms.id;


--
-- Name: schema_migrations; Type: TABLE; Schema: public; Owner: postgres
--

CREATE TABLE schema_migrations (
    version character varying NOT NULL
);


ALTER TABLE schema_migrations OWNER TO postgres;

--
-- Name: cama_comments id; Type: DEFAULT; Schema: public; Owner: postgres
--

ALTER TABLE ONLY cama_comments ALTER COLUMN id SET DEFAULT nextval('cama_comments_id_seq'::regclass);


--
-- Name: cama_custom_fields id; Type: DEFAULT; Schema: public; Owner: postgres
--

ALTER TABLE ONLY cama_custom_fields ALTER COLUMN id SET DEFAULT nextval('cama_custom_fields_id_seq'::regclass);


--
-- Name: cama_custom_fields_relationships id; Type: DEFAULT; Schema: public; Owner: postgres
--

ALTER TABLE ONLY cama_custom_fields_relationships ALTER COLUMN id SET DEFAULT nextval('cama_custom_fields_relationships_id_seq'::regclass);


--
-- Name: cama_metas id; Type: DEFAULT; Schema: public; Owner: postgres
--

ALTER TABLE ONLY cama_metas ALTER COLUMN id SET DEFAULT nextval('cama_metas_id_seq'::regclass);


--
-- Name: cama_posts id; Type: DEFAULT; Schema: public; Owner: postgres
--

ALTER TABLE ONLY cama_posts ALTER COLUMN id SET DEFAULT nextval('cama_posts_id_seq'::regclass);


--
-- Name: cama_term_relationships id; Type: DEFAULT; Schema: public; Owner: postgres
--

ALTER TABLE ONLY cama_term_relationships ALTER COLUMN id SET DEFAULT nextval('cama_term_relationships_id_seq'::regclass);


--
-- Name: cama_term_taxonomy id; Type: DEFAULT; Schema: public; Owner: postgres
--

ALTER TABLE ONLY cama_term_taxonomy ALTER COLUMN id SET DEFAULT nextval('cama_term_taxonomy_id_seq'::regclass);


--
-- Name: cama_users id; Type: DEFAULT; Schema: public; Owner: postgres
--

ALTER TABLE ONLY cama_users ALTER COLUMN id SET DEFAULT nextval('cama_users_id_seq'::regclass);


--
-- Name: plugins_attacks id; Type: DEFAULT; Schema: public; Owner: postgres
--

ALTER TABLE ONLY plugins_attacks ALTER COLUMN id SET DEFAULT nextval('plugins_attacks_id_seq'::regclass);


--
-- Name: plugins_contact_forms id; Type: DEFAULT; Schema: public; Owner: postgres
--

ALTER TABLE ONLY plugins_contact_forms ALTER COLUMN id SET DEFAULT nextval('plugins_contact_forms_id_seq'::regclass);


--
-- Data for Name: ar_internal_metadata; Type: TABLE DATA; Schema: public; Owner: postgres
--

COPY ar_internal_metadata (key, value, created_at, updated_at) FROM stdin;
environment	development	2017-11-16 07:59:46.478506	2017-11-16 07:59:46.478506
\.


--
-- Data for Name: cama_comments; Type: TABLE DATA; Schema: public; Owner: postgres
--

COPY cama_comments (id, author, author_email, author_url, "author_IP", content, approved, agent, typee, comment_parent, post_id, user_id, created_at, updated_at) FROM stdin;
\.


--
-- Data for Name: cama_custom_fields; Type: TABLE DATA; Schema: public; Owner: postgres
--

COPY cama_custom_fields (id, object_class, name, slug, objectid, parent_id, field_order, count, is_repeat, description, status) FROM stdin;
2308	PostType_Post	Home Feature Fields	home-feature-fields	326	1	\N	0	f	\N	\N
2309	_fields	Feature Icon	feature-icon	\N	2308	\N	0	f	\N	\N
2310	_fields	Feature Url	feature-url	\N	2308	\N	0	f	\N	\N
2382	Post	Slider Fields	home-slider-fields	233	1	\N	0	f	\N	\N
2383	_fields	Image Slider	image-slider	\N	2382	\N	0	f	\N	\N
2384	_fields	Video Slider	video-slider	\N	2382	\N	0	f	\N	\N
2385	_fields	First Text Load	first-text-load	\N	2382	\N	0	f	\N	\N
2386	_fields	Second Text Load	second-text-load	\N	2382	\N	0	f	\N	\N
2387	_fields	Third Text Load	third-text-load	\N	2382	\N	0	f	\N	\N
26	Theme	Default Field Group	_default	49	38	\N	0	f	\N	\N
27	_fields	Footer message	footer	\N	26	\N	0	f	\N	\N
28	Theme	Home Page	home_page	50	38	\N	0	f	\N	\N
29	_fields	Home Page	home_page	\N	28	\N	0	f	Select your home page	\N
30	_fields	Recent items from	recent_post_type	\N	28	\N	0	f	\N	\N
31	_fields	Maximum of items	home_qty	\N	28	\N	0	f	\N	\N
32	Theme	Footer	footer	50	38	\N	0	f	\N	\N
33	_fields	Column Left	footer_left	\N	32	\N	0	f	\N	\N
34	_fields	Column Center	footer_center	\N	32	\N	0	f	\N	\N
35	_fields	Column Right	footer_right	\N	32	\N	0	f	\N	\N
2394	Post	Concept Fields	home-concept-fields	233	1	\N	0	f	\N	\N
2395	_fields	Project Name	project-name	\N	2394	\N	0	f	\N	\N
2396	_fields	Slide Word	concept-slide-word	\N	2394	\N	0	f	\N	\N
2397	_fields	Project Meaning	project-meaning	\N	2394	\N	0	f	\N	\N
2398	_fields	Concept Description	concept-description	\N	2394	\N	0	f	\N	\N
2399	_fields	First Image	concept-first-image	\N	2394	\N	0	f	\N	\N
2400	_fields	First Description	concept-first-description	\N	2394	\N	0	f	\N	\N
2401	_fields	Second Image	concept-second-image	\N	2394	\N	0	f	\N	\N
2402	_fields	Second Description	concept-second-description	\N	2394	\N	0	f	\N	\N
2403	_fields	Third Image	concept-third-image	\N	2394	\N	0	f	\N	\N
2404	_fields	Third Description	concept-third-description	\N	2394	\N	0	f	\N	\N
2405	_fields	Big Image	concept-big-image	\N	2394	\N	0	f	\N	\N
2406	_fields	Big Description	concept-big-description	\N	2394	\N	0	f	\N	\N
2407	Post	Customer Description Fields	home-customer-description-fields	233	1	\N	0	f	\N	\N
2408	_fields	Main First Description	main-first-description	\N	2407	\N	0	f	\N	\N
2409	_fields	Slide Word	customer-description-slide-word	\N	2407	\N	0	f	\N	\N
2410	_fields	Main Scecond Description	main-second-description	\N	2407	\N	0	f	\N	\N
2411	_fields	Sub Description	sub-description	\N	2407	\N	0	f	\N	\N
2412	Post	Customer Background Image Fields	home-customer-background-image-fields	233	1	\N	0	f	\N	\N
2413	_fields	Background Image	home-background-image	\N	2412	\N	0	f	\N	\N
2456	Post	pricing Page Fields	pricing-page-fields	215	1	\N	0	f	\N	\N
2265	Post	About Content Fields	about-content-fields	213	1	\N	0	f	\N	\N
2266	_fields	Start Sentence	about-start-sentence	\N	2265	\N	0	f	\N	\N
2267	_fields	Slide Words	about-slider	\N	2265	\N	0	f	\N	\N
2268	Post	About Who We Are Fields	about-who-we-are-fields	213	1	\N	0	f	\N	\N
2269	_fields	Title	about-who-we-are-title	\N	2268	\N	0	f	\N	\N
2270	_fields	Content	about-who-we-are-content	\N	2268	\N	0	f	\N	\N
2271	Post	Show Testimonial	about-testimonail-fields	213	1	\N	0	f	\N	\N
2272	_fields	Show	about-testimonail-show	\N	2271	\N	0	f	\N	\N
2273	Post	About Footer	about-footer-fields	213	1	\N	0	f	\N	\N
2274	_fields	Main Sentence	about-footer-main-sentence-content	\N	2273	\N	0	f	\N	\N
2275	_fields	Sub Sentence	about-footer-sub-sentence-content	\N	2273	\N	0	f	\N	\N
2276	_fields	Button Text	about-footer-button-text	\N	2273	\N	0	f	\N	\N
2277	_fields	Button URL	about-footer-button-url	\N	2273	\N	0	f	\N	\N
2278	Post	About Video Fields	about-video-fields	213	1	\N	0	f	\N	\N
2279	_fields	Video	about-video	\N	2278	\N	0	f	\N	\N
2280	Post	Testimonial Fields	testimonial-fields	216	1	\N	0	f	\N	\N
2281	_fields	Background Image	testimonial-background-image	\N	2280	\N	0	f	\N	\N
2290	Post	Show Blog Fields	show-blog-fields	219	1	\N	0	f	\N	\N
2291	_fields	Show	blog-show	\N	2290	\N	0	f	\N	\N
2457	_fields	Text	title-pricing-page	\N	2456	\N	0	f	\N	\N
2105	PostType_Post	About Us Fields	about-us-fields	303	1	\N	0	f	\N	\N
2106	_fields	Image	about-us-image	\N	2105	\N	0	f	\N	\N
2107	_fields	Position	about-us-position	\N	2105	\N	0	f	\N	\N
2108	_fields	Facebook	about-us-facebook	\N	2105	\N	0	f	\N	\N
2109	_fields	Twitter	about-us-twitter	\N	2105	\N	0	f	\N	\N
2110	_fields	Linkedin	about-us-linkedin	\N	2105	\N	0	f	\N	\N
2111	PostType_Post	Progress work	about-us-progress-work-fields	303	1	\N	0	f	\N	\N
2112	_fields	Show	about-us-progress-work-show	\N	2111	\N	0	f	\N	\N
2113	_fields	Name 1st	about-us-progress-work-name-1st	\N	2111	\N	0	f	\N	\N
2114	_fields	Percent 1st	about-us-progress-work-percent-1st	\N	2111	\N	0	f	\N	\N
2414	Post	Slider Fields	home-slider-fields	234	1	\N	0	f	\N	\N
2415	_fields	Image Slider	image-slider	\N	2414	\N	0	f	\N	\N
2416	_fields	Video Slider	video-slider	\N	2414	\N	0	f	\N	\N
2417	_fields	First Text Load	first-text-load	\N	2414	\N	0	f	\N	\N
2418	_fields	Second Text Load	second-text-load	\N	2414	\N	0	f	\N	\N
2419	_fields	Third Text Load	third-text-load	\N	2414	\N	0	f	\N	\N
1789	Theme	Social Media	social-media	51	1	\N	0	f	\N	\N
1790	_fields	Facebook Url	facebook-url	\N	1789	\N	0	f	\N	\N
1791	_fields	Twitter Url	twitter-url	\N	1789	\N	0	f	\N	\N
1792	_fields	Linkedin Url	linkedin-url	\N	1789	\N	0	f	\N	\N
2335	Post	Button Service Fields	button-service-fields	224	1	\N	0	f	\N	\N
2336	_fields	Text	button-text-service	\N	2335	\N	0	f	\N	\N
2337	_fields	Url	button-url-service	\N	2335	\N	0	f	\N	\N
2426	Post	Concept Fields	home-concept-fields	234	1	\N	0	f	\N	\N
2427	_fields	Project Name	project-name	\N	2426	\N	0	f	\N	\N
2428	_fields	Slide Word	concept-slide-word	\N	2426	\N	0	f	\N	\N
2429	_fields	Project Meaning	project-meaning	\N	2426	\N	0	f	\N	\N
2430	_fields	Concept Description	concept-description	\N	2426	\N	0	f	\N	\N
2431	_fields	First Image	concept-first-image	\N	2426	\N	0	f	\N	\N
2432	_fields	First Description	concept-first-description	\N	2426	\N	0	f	\N	\N
2433	_fields	Second Image	concept-second-image	\N	2426	\N	0	f	\N	\N
2434	_fields	Second Description	concept-second-description	\N	2426	\N	0	f	\N	\N
2435	_fields	Third Image	concept-third-image	\N	2426	\N	0	f	\N	\N
2436	_fields	Third Description	concept-third-description	\N	2426	\N	0	f	\N	\N
2437	_fields	Big Image	concept-big-image	\N	2426	\N	0	f	\N	\N
2438	_fields	Big Description	concept-big-description	\N	2426	\N	0	f	\N	\N
2439	Post	Customer Description Fields	home-customer-description-fields	234	1	\N	0	f	\N	\N
2440	_fields	Main First Description	main-first-description	\N	2439	\N	0	f	\N	\N
2441	_fields	Slide Word	customer-description-slide-word	\N	2439	\N	0	f	\N	\N
2442	_fields	Main Scecond Description	main-second-description	\N	2439	\N	0	f	\N	\N
2443	_fields	Sub Description	sub-description	\N	2439	\N	0	f	\N	\N
2444	Post	Customer Background Image Fields	home-customer-background-image-fields	234	1	\N	0	f	\N	\N
2445	_fields	Background Image	home-background-image	\N	2444	\N	0	f	\N	\N
2446	Post	Feature Page Fields	feature-page-fields	214	1	\N	0	f	\N	\N
2447	_fields	Text	title-feature-page	\N	2446	\N	0	f	\N	\N
2474	Post	service Page Fields	service-page-fields	224	1	\N	0	f	\N	\N
2475	_fields	Text	title-service-page	\N	2474	\N	0	f	\N	\N
2484	Post	Faq Page Fields	faq-page-fields	162	1	\N	0	f	\N	\N
2485	_fields	Text	title-faq-page	\N	2484	\N	0	f	\N	\N
2579	Post	Introduction Fields	home-introduction-fields	233	1	\N	0	f		\N
2580	_fields	Introduction Sentence	introdution-sentence	\N	2579	0	0	f		\N
2581	_fields	Big Word	big-word	\N	2579	1	0	f		\N
2582	_fields	Option And Feature	option-and-feature	\N	2579	2	0	f		\N
2583	_fields	Button Text	get-start-now-text	\N	2579	3	0	f		\N
2584	_fields	Button URL	get-start-now-url	\N	2579	4	0	f		\N
341	Theme	Default Field Group	_default	16	1	\N	0	f	\N	\N
342	_fields	Footer message	footer	\N	341	\N	0	f	\N	\N
699	_fields	Button Text	about-footer-button-text	\N	696	\N	0	f	\N	\N
700	_fields	Button URL	about-footer-button-url	\N	696	\N	0	f	\N	\N
343	Theme	Social Media	social-media	18	1	\N	0	f	\N	\N
344	_fields	Facebook Url	facebook-url	\N	343	\N	0	f	\N	\N
345	_fields	Twitter Url	twitter-url	\N	343	\N	0	f	\N	\N
346	_fields	Linkedin Url	linkedin-url	\N	343	\N	0	f	\N	\N
1851	PostType_Post	Home Customer Image Fields	home-customer-image-fields	271	1	\N	0	f	\N	\N
1852	_fields	Customer Logo	customer-logo	\N	1851	\N	0	f	\N	\N
1853	PostType_Post	Blog Post Fields	home-latest-blog-post-fields	272	1	\N	0	f	\N	\N
1854	_fields	Image	post-image	\N	1853	\N	0	f	\N	\N
1855	_fields	Date	date	\N	1853	\N	0	f	\N	\N
1856	_fields	Author	post-author	\N	1853	\N	0	f	\N	\N
1857	_fields	Tag	post-tag	\N	1853	\N	0	f	\N	\N
1858	PostType_Post	Testimonial Fields	home-testimonials-fields	273	1	\N	0	f	\N	\N
1859	_fields	Client Image	testimonial-image	\N	1858	\N	0	f	\N	\N
1860	_fields	Client Name	testimonial-name	\N	1858	\N	0	f	\N	\N
1861	_fields	Client Position	testimonial-position	\N	1858	\N	0	f	\N	\N
1862	PostType_Post	About Score Fields	about-score-fields	274	1	\N	0	f	\N	\N
1863	_fields	Number	about-score-number	\N	1862	\N	0	f	\N	\N
1864	_fields	Sign	about-score-sign	\N	1862	\N	0	f	\N	\N
1865	_fields	Text	about-score-text	\N	1862	\N	0	f	\N	\N
1866	PostType_Post	About Who We Are Progress Fields	about-who-we-are-progress-fields	275	1	\N	0	f	\N	\N
1867	_fields	Percent	about-who-we-are-progress-percent	\N	1866	\N	0	f	\N	\N
2115	_fields	Name 2nd	about-us-progress-work-name-2nd	\N	2111	\N	0	f	\N	\N
2116	_fields	Percent 2nd	about-us-progress-work-percent-2nd	\N	2111	\N	0	f	\N	\N
2117	_fields	Name 3rd	about-us-progress-work-name-3rd	\N	2111	\N	0	f	\N	\N
2118	_fields	Percent 3rd	about-us-progress-work-percent-3rd	\N	2111	\N	0	f	\N	\N
2119	_fields	Name 4th	about-us-progress-work-name-4th	\N	2111	\N	0	f	\N	\N
2120	_fields	Percent 4th	about-us-progress-work-percent-4th	\N	2111	\N	0	f	\N	\N
2552	Post	Business Hours	contact-business-hour-fields	235	1	\N	0	f	\N	\N
2553	_fields	Business Hour	contact-business-hour	\N	2552	\N	0	f	\N	\N
2554	Post	Map	contact-map-fields	235	1	\N	0	f	\N	\N
2555	_fields	Map URL	contact-map	\N	2554	\N	0	f	\N	\N
2556	Post	Contact Us	contact-us-fields	235	1	\N	0	f	\N	\N
2557	_fields	Address	contact-address	\N	2556	\N	0	f	\N	\N
2558	_fields	Phone	contact-phone	\N	2556	\N	0	f	\N	\N
2559	_fields	Email	contact-email	\N	2556	\N	0	f	\N	\N
2560	Post	Contact Page Fields	contact-page-fields	235	1	\N	0	f	\N	\N
2561	_fields	Text	title-contact-page	\N	2560	\N	0	f	\N	\N
2121	PostType_Post	Referent	about-us-referent-fields	303	1	\N	0	f	\N	\N
2122	_fields	Show	about-us-referent-show	\N	2121	\N	0	f	\N	\N
2123	_fields	Background Image	about-us-background-image	\N	2121	\N	0	f	\N	\N
2124	_fields	Comment 1st	about-us-referent-comment-1st	\N	2121	\N	0	f	\N	\N
2125	_fields	Name 1st	about-us-referent-name-1st	\N	2121	\N	0	f	\N	\N
2126	_fields	Positon 1st	about-us-referent-position-1st	\N	2121	\N	0	f	\N	\N
2127	_fields	Comment 2nd	about-us-referent-comment-2nd	\N	2121	\N	0	f	\N	\N
2128	_fields	Name 2nd	about-us-referent-name-2nd	\N	2121	\N	0	f	\N	\N
2129	_fields	Positon 2nd	about-us-referent-position-2nd	\N	2121	\N	0	f	\N	\N
2130	PostType_Post	My Work	about-us-my-work-fields	303	1	\N	0	f	\N	\N
2131	_fields	Description	about-us-my-work-description	\N	2130	\N	0	f	\N	\N
2132	_fields	Image 1st	about-us-my-work-image-1st	\N	2130	\N	0	f	\N	\N
2133	_fields	Title 1st	about-us-my-work-title-1st	\N	2130	\N	0	f	\N	\N
2134	_fields	Sub Title 1st	about-us-my-work-sub-title-1st	\N	2130	\N	0	f	\N	\N
2135	_fields	Image 2nd	about-us-my-work-image-2nd	\N	2130	\N	0	f	\N	\N
2136	_fields	Title 2nd	about-us-my-work-title-2nd	\N	2130	\N	0	f	\N	\N
2137	_fields	Sub Title 2nd	about-us-my-work-sub-title-2nd	\N	2130	\N	0	f	\N	\N
2138	_fields	Image 3rd	about-us-my-work-image-3rd	\N	2130	\N	0	f	\N	\N
2139	_fields	Title 3rd	about-us-my-work-title-3rd	\N	2130	\N	0	f	\N	\N
2140	_fields	Sub Title 3rd	about-us-my-work-sub-title-3rd	\N	2130	\N	0	f	\N	\N
2141	_fields	Image 4th	about-us-my-work-image-4th	\N	2130	\N	0	f	\N	\N
2142	_fields	Title 4th	about-us-my-work-title-4th	\N	2130	\N	0	f	\N	\N
2143	_fields	Sub Title 4th	about-us-my-work-sub-title-4th	\N	2130	\N	0	f	\N	\N
828	PostType_Post	About Us Fields	about-us-fields	104	1	\N	0	f	\N	\N
829	_fields	Image	about-us-image	\N	828	\N	0	f	\N	\N
830	_fields	Position	about-us-position	\N	828	\N	0	f	\N	\N
831	_fields	Facebook	about-us-facebook	\N	828	\N	0	f	\N	\N
832	_fields	Twitter	about-us-twitter	\N	828	\N	0	f	\N	\N
833	_fields	Linkedin	about-us-linkedin	\N	828	\N	0	f	\N	\N
834	PostType_Post	Progress work	about-us-progress-work-fields	104	1	\N	0	f	\N	\N
835	_fields	Show	about-us-progress-work-show	\N	834	\N	0	f	\N	\N
836	_fields	Name 1st	about-us-progress-work-name-1st	\N	834	\N	0	f	\N	\N
1905	PostType_Post	Service Fields	service-fields	277	1	\N	0	f	\N	\N
1906	_fields	Font Awesome Icon Name	service-font-awesome-icon-name	\N	1905	\N	0	f	\N	\N
1907	PostType_Post	Pricing Fields	pricing-fields	278	1	\N	0	f	\N	\N
1908	_fields	Price	pricing-price	\N	1907	\N	0	f	\N	\N
1909	_fields	Item	pricing-item	\N	1907	\N	0	f	\N	\N
1910	_fields	Popular	pricing-popular	\N	1907	\N	0	f	\N	\N
837	_fields	Percent 1st	about-us-progress-work-percent-1st	\N	834	\N	0	f	\N	\N
688	Post	About Content Fields	about-content-fields	264	1	\N	0	f	\N	\N
689	_fields	Start Sentence	about-start-sentence	\N	688	\N	0	f	\N	\N
690	_fields	Slide Words	about-slider	\N	688	\N	0	f	\N	\N
691	Post	About Who We Are Fields	about-who-we-are-fields	264	1	\N	0	f	\N	\N
692	_fields	Title	about-who-we-are-title	\N	691	\N	0	f	\N	\N
693	_fields	Content	about-who-we-are-content	\N	691	\N	0	f	\N	\N
694	Post	Show Testimonial	about-testimonail-fields	264	1	\N	0	f	\N	\N
695	_fields	Show	about-testimonail-show	\N	694	\N	0	f	\N	\N
696	Post	About Footer	about-footer-fields	264	1	\N	0	f	\N	\N
697	_fields	Main Sentence	about-footer-main-sentence-content	\N	696	\N	0	f	\N	\N
698	_fields	Sub Sentence	about-footer-sub-sentence-content	\N	696	\N	0	f	\N	\N
701	Post	About Video Fields	about-video-fields	264	1	\N	0	f	\N	\N
702	_fields	Video	about-video	\N	701	\N	0	f	\N	\N
2180	Theme	Default Field Group	_default	16	1	\N	0	f	\N	\N
2181	_fields	Footer message	footer	\N	2180	\N	0	f	\N	\N
838	_fields	Name 2nd	about-us-progress-work-name-2nd	\N	834	\N	0	f	\N	\N
839	_fields	Percent 2nd	about-us-progress-work-percent-2nd	\N	834	\N	0	f	\N	\N
840	_fields	Name 3rd	about-us-progress-work-name-3rd	\N	834	\N	0	f	\N	\N
947	Post	Business Hours	contact-business-hour-fields	300	1	\N	0	f	\N	\N
948	_fields	Business Hour	contact-business-hour	\N	947	\N	0	f	\N	\N
949	Post	Map	contact-map-fields	300	1	\N	0	f	\N	\N
950	_fields	Map URL	contact-map	\N	949	\N	0	f	\N	\N
951	Post	Contact Us	contact-us-fields	300	1	\N	0	f	\N	\N
952	_fields	Address	contact-address	\N	951	\N	0	f	\N	\N
953	_fields	Phone	contact-phone	\N	951	\N	0	f	\N	\N
954	_fields	Email	contact-email	\N	951	\N	0	f	\N	\N
955	PostType_Post	Blog Post Fields	home-latest-blog-post-fields	119	1	\N	0	f	\N	\N
956	_fields	Image	post-image	\N	955	\N	0	f	\N	\N
957	_fields	Date	date	\N	955	\N	0	f	\N	\N
388	Post	Testimonial Fields	testimonial-fields	110	1	\N	0	f	\N	\N
389	_fields	Background Image	testimonial-background-image	\N	388	\N	0	f	\N	\N
958	_fields	Author	post-author	\N	955	\N	0	f	\N	\N
711	Post	About Content Fields	about-content-fields	265	1	\N	0	f	\N	\N
959	_fields	Tag	post-tag	\N	955	\N	0	f	\N	\N
405	PostType_Post	Home Customer Image Fields	home-customer-image-fields	53	1	\N	0	f	\N	\N
406	_fields	Customer Logo	customer-logo	\N	405	\N	0	f	\N	\N
712	_fields	Start Sentence	about-start-sentence	\N	711	\N	0	f	\N	\N
420	PostType_Post	About Who We Are Progress Fields	about-who-we-are-progress-fields	57	1	\N	0	f	\N	\N
421	_fields	Percent	about-who-we-are-progress-percent	\N	420	\N	0	f	\N	\N
713	_fields	Slide Words	about-slider	\N	711	\N	0	f	\N	\N
714	Post	About Who We Are Fields	about-who-we-are-fields	265	1	\N	0	f	\N	\N
715	_fields	Title	about-who-we-are-title	\N	714	\N	0	f	\N	\N
716	_fields	Content	about-who-we-are-content	\N	714	\N	0	f	\N	\N
717	Post	Show Testimonial	about-testimonail-fields	265	1	\N	0	f	\N	\N
718	_fields	Show	about-testimonail-show	\N	717	\N	0	f	\N	\N
719	Post	About Footer	about-footer-fields	265	1	\N	0	f	\N	\N
720	_fields	Main Sentence	about-footer-main-sentence-content	\N	719	\N	0	f	\N	\N
721	_fields	Sub Sentence	about-footer-sub-sentence-content	\N	719	\N	0	f	\N	\N
722	_fields	Button Text	about-footer-button-text	\N	719	\N	0	f	\N	\N
723	_fields	Button URL	about-footer-button-url	\N	719	\N	0	f	\N	\N
724	Post	About Video Fields	about-video-fields	265	1	\N	0	f	\N	\N
725	_fields	Video	about-video	\N	724	\N	0	f	\N	\N
400	Post	Show Blog Fields	show-blog-fields	114	1	\N	0	f		\N
401	_fields	Show	blog-show	\N	400	0	0	f		\N
416	PostType_Post	About Score Fields	about-score-fields	56	1	\N	0	f		\N
417	_fields	Number	about-score-number	\N	416	0	0	f		\N
418	_fields	Sign	about-score-sign	\N	416	1	0	f		\N
419	_fields	Text	about-score-text	\N	416	2	0	f		\N
841	_fields	Percent 3rd	about-us-progress-work-percent-3rd	\N	834	\N	0	f	\N	\N
842	_fields	Name 4th	about-us-progress-work-name-4th	\N	834	\N	0	f	\N	\N
843	_fields	Percent 4th	about-us-progress-work-percent-4th	\N	834	\N	0	f	\N	\N
844	PostType_Post	Referent	about-us-referent-fields	104	1	\N	0	f	\N	\N
845	_fields	Show	about-us-referent-show	\N	844	\N	0	f	\N	\N
846	_fields	Background Image	about-us-background-image	\N	844	\N	0	f	\N	\N
847	_fields	Comment 1st	about-us-referent-comment-1st	\N	844	\N	0	f	\N	\N
848	_fields	Name 1st	about-us-referent-name-1st	\N	844	\N	0	f	\N	\N
849	_fields	Positon 1st	about-us-referent-position-1st	\N	844	\N	0	f	\N	\N
850	_fields	Comment 2nd	about-us-referent-comment-2nd	\N	844	\N	0	f	\N	\N
851	_fields	Name 2nd	about-us-referent-name-2nd	\N	844	\N	0	f	\N	\N
852	_fields	Positon 2nd	about-us-referent-position-2nd	\N	844	\N	0	f	\N	\N
853	PostType_Post	My Work	about-us-my-work-fields	104	1	\N	0	f	\N	\N
854	_fields	Description	about-us-my-work-description	\N	853	\N	0	f	\N	\N
855	_fields	Image 1st	about-us-my-work-image-1st	\N	853	\N	0	f	\N	\N
856	_fields	Title 1st	about-us-my-work-title-1st	\N	853	\N	0	f	\N	\N
857	_fields	Sub Title 1st	about-us-my-work-sub-title-1st	\N	853	\N	0	f	\N	\N
858	_fields	Image 2nd	about-us-my-work-image-2nd	\N	853	\N	0	f	\N	\N
859	_fields	Title 2nd	about-us-my-work-title-2nd	\N	853	\N	0	f	\N	\N
860	_fields	Sub Title 2nd	about-us-my-work-sub-title-2nd	\N	853	\N	0	f	\N	\N
861	_fields	Image 3rd	about-us-my-work-image-3rd	\N	853	\N	0	f	\N	\N
862	_fields	Title 3rd	about-us-my-work-title-3rd	\N	853	\N	0	f	\N	\N
863	_fields	Sub Title 3rd	about-us-my-work-sub-title-3rd	\N	853	\N	0	f	\N	\N
864	_fields	Image 4th	about-us-my-work-image-4th	\N	853	\N	0	f	\N	\N
865	_fields	Title 4th	about-us-my-work-title-4th	\N	853	\N	0	f	\N	\N
866	_fields	Sub Title 4th	about-us-my-work-sub-title-4th	\N	853	\N	0	f	\N	\N
886	PostType_Post	Home Feature Fields	home-feature-fields	108	1	\N	0	f	\N	\N
887	_fields	Feature Icon	feature-icon	\N	886	\N	0	f	\N	\N
888	_fields	Feature Url	feature-url	\N	886	\N	0	f	\N	\N
897	PostType_Post	Service Fields	service-fields	110	1	\N	0	f	\N	\N
898	_fields	Font Awesome Icon Name	service-font-awesome-icon-name	\N	897	\N	0	f	\N	\N
648	Post	Slider Fields	home-slider-fields	262	1	\N	0	f	\N	\N
649	_fields	Image Slider	image-slider	\N	648	\N	0	f	\N	\N
650	_fields	Video Slider	video-slider	\N	648	\N	0	f	\N	\N
651	_fields	First Text Load	first-text-load	\N	648	\N	0	f	\N	\N
652	_fields	Second Text Load	second-text-load	\N	648	\N	0	f	\N	\N
653	_fields	Third Text Load	third-text-load	\N	648	\N	0	f	\N	\N
654	Post	Introduction Fields	home-introduction-fields	262	1	\N	0	f	\N	\N
655	_fields	Introduction Sentence	introdution-sentence	\N	654	\N	0	f	\N	\N
656	_fields	Big Word	big-word	\N	654	\N	0	f	\N	\N
657	_fields	Option And Feature	option-and-feature	\N	654	\N	0	f	\N	\N
658	_fields	Get Start Now	get-start-now	\N	654	\N	0	f	\N	\N
659	_fields	Learn More	learn-more	\N	654	\N	0	f	\N	\N
660	Post	Concept Fields	home-concept-fields	262	1	\N	0	f	\N	\N
661	_fields	Project Name	project-name	\N	660	\N	0	f	\N	\N
662	_fields	Slide Word	concept-slide-word	\N	660	\N	0	f	\N	\N
663	_fields	Project Meaning	project-meaning	\N	660	\N	0	f	\N	\N
664	_fields	Concept Description	concept-description	\N	660	\N	0	f	\N	\N
665	_fields	First Image	concept-first-image	\N	660	\N	0	f	\N	\N
666	_fields	First Description	concept-first-description	\N	660	\N	0	f	\N	\N
667	_fields	Second Image	concept-second-image	\N	660	\N	0	f	\N	\N
668	_fields	Second Description	concept-second-description	\N	660	\N	0	f	\N	\N
669	_fields	Third Image	concept-third-image	\N	660	\N	0	f	\N	\N
670	_fields	Third Description	concept-third-description	\N	660	\N	0	f	\N	\N
671	_fields	Big Image	concept-big-image	\N	660	\N	0	f	\N	\N
672	_fields	Big Description	concept-big-description	\N	660	\N	0	f	\N	\N
673	Post	Customer Description Fields	home-customer-description-fields	262	1	\N	0	f	\N	\N
674	_fields	Main First Description	main-first-description	\N	673	\N	0	f	\N	\N
675	_fields	Slide Word	customer-description-slide-word	\N	673	\N	0	f	\N	\N
676	_fields	Main Scecond Description	main-second-description	\N	673	\N	0	f	\N	\N
677	_fields	Sub Description	sub-description	\N	673	\N	0	f	\N	\N
678	Post	Customer Background Image Fields	home-customer-background-image-fields	262	1	\N	0	f	\N	\N
679	_fields	Background Image	home-background-image	\N	678	\N	0	f	\N	\N
621	Post	Button Service Fields	button-service-fields	111	1	\N	0	f	\N	\N
622	_fields	Text	button-text-service	\N	621	\N	0	f	\N	\N
623	_fields	Url	button-url-service	\N	621	\N	0	f	\N	\N
907	PostType_Post	Pricing Fields	pricing-fields	112	1	\N	0	f	\N	\N
908	_fields	Price	pricing-price	\N	907	\N	0	f	\N	\N
909	_fields	Item	pricing-item	\N	907	\N	0	f	\N	\N
910	_fields	Popular	pricing-popular	\N	907	\N	0	f	\N	\N
919	PostType_Post	Testimonial Fields	home-testimonials-fields	114	1	\N	0	f	\N	\N
920	_fields	Client Image	testimonial-image	\N	919	\N	0	f	\N	\N
921	_fields	Client Name	testimonial-name	\N	919	\N	0	f	\N	\N
922	_fields	Client Position	testimonial-position	\N	919	\N	0	f	\N	\N
931	Post	Business Hours	contact-business-hour-fields	299	1	\N	0	f	\N	\N
932	_fields	Business Hour	contact-business-hour	\N	931	\N	0	f	\N	\N
933	Post	Map	contact-map-fields	299	1	\N	0	f	\N	\N
934	_fields	Map URL	contact-map	\N	933	\N	0	f	\N	\N
935	Post	Contact Us	contact-us-fields	299	1	\N	0	f	\N	\N
936	_fields	Address	contact-address	\N	935	\N	0	f	\N	\N
937	_fields	Phone	contact-phone	\N	935	\N	0	f	\N	\N
938	_fields	Email	contact-email	\N	935	\N	0	f	\N	\N
\.


--
-- Data for Name: cama_custom_fields_relationships; Type: TABLE DATA; Schema: public; Owner: postgres
--

COPY cama_custom_fields_relationships (id, objectid, custom_field_id, term_order, object_class, value, custom_field_slug, group_number) FROM stdin;
8021	16	342	\N	Theme	Copyright &copy; 2015 - Camaleon CMS. All rights reservated.	footer	0
9936	179	417	0	Post	90	about-score-number	0
5149	234	2383	0	Post		image-slider	0
5150	234	2384	0	Post		video-slider	0
9937	179	418	0	Post		about-score-sign	0
21328	291	908	0	Post	795	pricing-price	0
21329	291	909	0	Post	<!--:en-->Set up an instance<!--:--><!--:km--><!--:-->	pricing-item	0
9938	179	419	0	Post	Clients	about-score-text	0
5151	234	2385	0	Post	Title	first-text-load	0
5152	234	2386	0	Post	Oscar Website	second-text-load	0
11	49	27	\N	Theme	Copyright &copy; 2015 - Camaleon CMS. All rights reservated.	footer	0
12	50	31	\N	Theme	6	home_qty	0
13	50	33	\N	Theme	<h4>My Bunker</h4><p>Some Address 987,<br> +34 9054 5455, <br> Madrid, Spain. </p>	footer_left	0
14	50	34	\N	Theme	<h4>My Links</h4> <p><a href='#'>Dribbble</a><br> <a href='#'>Twitter</a><br> <a href='#'>Facebook</a></p>	footer_center	0
15	50	35	\N	Theme	<h4>About Theme</h4><p>This cute theme was created to showcase your work in a simple way. Use it wisely.</p>	footer_right	0
5153	234	2387	0	Post	Welcome	third-text-load	0
21330	291	909	1	Post	<!--:en-->Import data<!--:--><!--:km--><!--:-->	pricing-item	0
21331	291	909	2	Post	<!--:en-->Hosting is not included<!--:--><!--:km--><!--:-->	pricing-item	0
21332	292	908	0	Post	25	pricing-price	0
3635	176	1908	0	Post	75	pricing-price	0
3636	176	1909	0	Post	hello	pricing-item	0
3637	176	1909	1	Post	hello world	pricing-item	0
3638	176	1910	0	Post	1	pricing-popular	0
3652	181	1854	0	Post	http://localhost:3000/media/1/O_icon_last_final_AI.png	post-image	0
3653	181	1855	0	Post	2017-12-22	date	0
3654	181	1856	0	Post	me	post-author	0
3655	181	1857	0	Post	tag	post-tag	0
21333	292	909	0	Post	<!--:en-->Monthly fee<!--:--><!--:km--><!--:-->	pricing-item	0
4897	177	1906	0	Post	fa-bandcamp	service-font-awesome-icon-name	0
21334	292	909	1	Post	<!--:en-->3 user accounts<!--:--><!--:km--><!--:-->	pricing-item	0
5159	234	2395	0	Post	Oscar Website	project-name	0
5160	234	2396	0	Post	Website	concept-slide-word	0
5161	234	2397	0	Post	help children in Cambodia	project-meaning	0
5162	234	2398	0	Post	We help all children in Camodia	concept-description	0
5163	234	2399	0	Post	http://localhost:3000/media/1/people.png	concept-first-image	0
5164	234	2400	0	Post	 Strategy Strategy Strategy Strategy	concept-first-description	0
5165	234	2401	0	Post	http://localhost:3000/media/1/people.png	concept-second-image	0
5166	234	2402	0	Post	Planning Planning Planning	concept-second-description	0
5167	234	2403	0	Post	http://localhost:3000/media/1/people.png	concept-third-image	0
5168	234	2404	0	Post	Build Build Build Build	concept-third-description	0
5169	234	2405	0	Post	http://localhost:3000/media/1/people.png	concept-big-image	0
5170	234	2406	0	Post	Our Work Our Work Our Work	concept-big-description	0
5171	234	2408	0	Post	Our Customer	main-first-description	0
5172	234	2409	0	Post	Happy	customer-description-slide-word	0
21335	292	909	2	Post	<!--:en--> 500 client records<!--:--><!--:km--><!--:-->	pricing-item	0
21336	292	910	0	Post	1	pricing-popular	0
21337	293	908	0	Post	5	pricing-price	0
21338	293	909	0	Post	<!--:en-->Monthly fee<!--:--><!--:km--><!--:-->	pricing-item	0
21339	293	909	1	Post	<!--:en-->A user account<!--:--><!--:km--><!--:-->	pricing-item	0
21340	294	908	0	Post	15	pricing-price	0
21341	294	909	0	Post	<!--:en-->Monthly fee<!--:--><!--:km--><!--:-->	pricing-item	0
22052	269	862	0	Post		about-us-my-work-title-3rd	0
4798	216	2281	0	Post	http://localhost:3000/media/1/parallax-2.jpg	testimonial-background-image	0
5173	234	2410	0	Post	to help children in Cambodia	main-second-description	0
3786	188	1867	0	Post	77	about-who-we-are-progress-percent	0
4469	204	2106	0	Post	http://localhost:3000/media/1/people.png	about-us-image	0
4470	204	2107	0	Post	<!--:en-->staff<!--:--><!--:km--><!--:-->	about-us-position	0
4471	204	2108	0	Post	https://www.facebook.com/	about-us-facebook	0
4472	204	2109	0	Post	https://twitter.com/	about-us-twitter	0
4473	204	2110	0	Post	https://www.linkedin.com	about-us-linkedin	0
4474	204	2113	0	Post		about-us-progress-work-name-1st	0
4475	204	2114	0	Post		about-us-progress-work-percent-1st	0
4476	204	2115	0	Post		about-us-progress-work-name-2nd	0
4477	204	2116	0	Post		about-us-progress-work-percent-2nd	0
4478	204	2117	0	Post		about-us-progress-work-name-3rd	0
4479	204	2118	0	Post		about-us-progress-work-percent-3rd	0
4480	204	2119	0	Post		about-us-progress-work-name-4th	0
4481	204	2120	0	Post		about-us-progress-work-percent-4th	0
3803	193	1852	0	Post	http://localhost:3000/media/1/OSCaR_logo_last_final_art_AI.png	customer-logo	0
4482	204	2123	0	Post		about-us-background-image	0
4483	204	2124	0	Post		about-us-referent-comment-1st	0
4484	204	2125	0	Post		about-us-referent-name-1st	0
4485	204	2126	0	Post		about-us-referent-position-1st	0
4486	204	2127	0	Post		about-us-referent-comment-2nd	0
4487	204	2128	0	Post		about-us-referent-name-2nd	0
4488	204	2129	0	Post		about-us-referent-position-2nd	0
4489	204	2131	0	Post	my work secription	about-us-my-work-description	0
4490	204	2132	0	Post	http://localhost:3000/media/1/O_icon_last_final_AI.png	about-us-my-work-image-1st	0
4491	204	2133	0	Post	<!--:en-->d<!--:--><!--:km--><!--:-->	about-us-my-work-title-1st	0
4492	204	2134	0	Post	<!--:en-->fd<!--:--><!--:km--><!--:-->	about-us-my-work-sub-title-1st	0
5174	234	2411	0	Post	25,000 customers in 100 countries use Porto Template. Meet our customers.	sub-description	0
5175	234	2413	0	Post		home-background-image	0
21342	294	909	1	Post	<!--:en-->Each extra 500 clients<!--:--><!--:km--><!--:-->	pricing-item	0
21846	262	649	0	Post	https://oscar-website-assets-production.s3.ap-southeast-1.amazonaws.com/light.jpg	image-slider	0
21847	262	650	0	Post	https://oscar-website-assets-production.s3.ap-southeast-1.amazonaws.com/light.mp4	video-slider	0
21488	151	406	0	Post	https://oscar-website-assets-production.s3.ap-southeast-1.amazonaws.com/Customer/02.png	customer-logo	0
21848	262	651	0	Post	<!--:en--><!--:--><!--:km-->Title<!--:-->	first-text-load	0
9959	180	421	0	Post	90	about-who-we-are-progress-percent	0
9960	181	421	0	Post	88	about-who-we-are-progress-percent	0
22311	296	920	0	Post		testimonial-image	0
22312	296	921	0	Post	<!--:en-->John Statham<!--:--><!--:km-->John<!--:-->	testimonial-name	0
22313	296	922	0	Post	<!--:en-->Senior Social Work Technial Adviser at Save the Children<!--:--><!--:km-->Client<!--:-->	testimonial-position	0
3644	170	1854	0	Post	http://localhost:3000/media/1/people.png	post-image	0
22021	306	417	0	Post	1222	about-score-number	0
22022	306	418	0	Post	1 Test	about-score-sign	0
22023	306	419	0	Post	<!--:en-->Testing<!--:--><!--:km--><!--:-->	about-score-text	0
22024	269	829	0	Post	https://oscar-website-assets-production.s3.ap-southeast-1.amazonaws.com/About%20People/team-1.jpg	about-us-image	0
22025	269	830	0	Post	<!--:en-->CMS Manager<!--:--><!--:km--><!--:-->	about-us-position	0
22026	269	831	0	Post		about-us-facebook	0
3799	189	1852	0	Post	https://oscar-website-assets-production.s3.ap-southeast-1.amazonaws.com/OSCaR_logo_last_final_art_AI.png	customer-logo	0
3801	191	1852	0	Post	http://localhost:3000/media/1/people.png	customer-logo	0
21849	262	652	0	Post	<!--:en-->OSCaR<!--:--><!--:km-->Oscar Website<!--:-->	second-text-load	0
22027	269	832	0	Post		about-us-twitter	0
22028	269	833	0	Post		about-us-linkedin	0
22053	269	863	0	Post		about-us-my-work-sub-title-3rd	0
3530	173	1863	0	Post	90000	about-score-number	0
3531	173	1864	0	Post		about-score-sign	0
3532	173	1865	0	Post	hello	about-score-text	0
4891	227	1906	0	Post	fa fa-adjust	service-font-awesome-icon-name	0
3645	170	1855	0	Post	2017-12-21	date	0
3646	170	1856	0	Post	no body	post-author	0
3647	170	1857	0	Post	dev	post-tag	0
4898	226	1906	0	Post	fa fa-adjust	service-font-awesome-icon-name	0
5247	234	2441	\N	Post	Happy	customer-description-slide-word	0
5248	234	2442	\N	Post	to help children in Cambodia	main-second-description	0
5249	234	2443	\N	Post	25,000 customers in 100 countries use Porto Template. Meet our customers.	sub-description	0
4493	204	2135	0	Post	http://localhost:3000/media/1/OSCaR_logo_last_final_art_AI.png	about-us-my-work-image-2nd	0
4494	204	2136	0	Post		about-us-my-work-title-2nd	0
4495	204	2137	0	Post		about-us-my-work-sub-title-2nd	0
4496	204	2138	0	Post		about-us-my-work-image-3rd	0
4497	204	2139	0	Post		about-us-my-work-title-3rd	0
4498	204	2140	0	Post		about-us-my-work-sub-title-3rd	0
4499	204	2141	0	Post		about-us-my-work-image-4th	0
4500	204	2142	0	Post		about-us-my-work-title-4th	0
4501	204	2143	0	Post		about-us-my-work-sub-title-4th	0
5359	221	2309	0	Post	fa fa-ravelry	feature-icon	0
5360	221	2310	0	Post	https://www.google.com.kh/	feature-url	0
5361	203	2106	0	Post	http://localhost:3000/media/1/people.png	about-us-image	0
5362	203	2107	0	Post	<!--:en-->staff<!--:--><!--:km--><!--:-->	about-us-position	0
5363	203	2108	0	Post	https://www.facebook.com/	about-us-facebook	0
5364	203	2109	0	Post	https://twitter.com/	about-us-twitter	0
5365	203	2110	0	Post	https://www.linkedin.com	about-us-linkedin	0
5366	203	2113	0	Post	<!--:en-->hello<!--:--><!--:km--><!--:-->	about-us-progress-work-name-1st	0
5367	203	2114	0	Post	32	about-us-progress-work-percent-1st	0
5368	203	2115	0	Post		about-us-progress-work-name-2nd	0
5369	203	2116	0	Post		about-us-progress-work-percent-2nd	0
5370	203	2117	0	Post		about-us-progress-work-name-3rd	0
5371	203	2118	0	Post		about-us-progress-work-percent-3rd	0
5372	203	2119	0	Post		about-us-progress-work-name-4th	0
5373	203	2120	0	Post		about-us-progress-work-percent-4th	0
5374	203	2123	0	Post		about-us-background-image	0
5375	203	2124	0	Post	<!--:en-->hello<!--:--><!--:km--><!--:-->	about-us-referent-comment-1st	0
5376	203	2125	0	Post	first	about-us-referent-name-1st	0
5377	203	2126	0	Post	<!--:en-->staff<!--:--><!--:km--><!--:-->	about-us-referent-position-1st	0
5378	203	2127	0	Post		about-us-referent-comment-2nd	0
5379	203	2128	0	Post		about-us-referent-name-2nd	0
5380	203	2129	0	Post		about-us-referent-position-2nd	0
5381	203	2131	0	Post	my work secription	about-us-my-work-description	0
5382	203	2132	0	Post	http://localhost:3000/media/1/O_icon_last_final_AI.png	about-us-my-work-image-1st	0
5383	203	2133	0	Post	<!--:en-->d<!--:--><!--:km--><!--:-->	about-us-my-work-title-1st	0
5384	203	2134	0	Post	<!--:en-->fd<!--:--><!--:km--><!--:-->	about-us-my-work-sub-title-1st	0
5385	203	2135	0	Post	http://localhost:3000/media/1/OSCaR_logo_last_final_art_AI.png	about-us-my-work-image-2nd	0
5386	203	2136	0	Post	<!--:en-->sdf<!--:--><!--:km--><!--:-->	about-us-my-work-title-2nd	0
5387	203	2137	0	Post	<!--:en-->sdf<!--:--><!--:km--><!--:-->	about-us-my-work-sub-title-2nd	0
5388	203	2138	0	Post		about-us-my-work-image-3rd	0
5389	203	2139	0	Post		about-us-my-work-title-3rd	0
3529	172	1867	0	Post	99	about-who-we-are-progress-percent	0
3640	178	1852	0	Post	http://localhost:3000/media/1/people.png	customer-logo	0
3641	179	1908	0	Post	100	pricing-price	0
3642	179	1909	0	Post	hello	pricing-item	0
3643	179	1909	1	Post	jo	pricing-item	0
3648	180	1854	0	Post	http://localhost:3000/media/1/O_icon_last_final_AI.png	post-image	0
3649	180	1855	0	Post	2017-12-22	date	0
3650	180	1856	0	Post	who know	post-author	0
3651	180	1857	0	Post	person	post-tag	0
3659	183	1867	0	Post	89	about-who-we-are-progress-percent	0
22029	269	836	0	Post	<!--:en--><!--:--><!--:km--><!--:-->	about-us-progress-work-name-1st	0
22314	295	920	0	Post		testimonial-image	0
22315	295	921	0	Post	<!--:en-->IT Team<!--:--><!--:km-->Lina<!--:-->	testimonial-name	0
22316	295	922	0	Post	<!--:en-->IT at M’Lop Tapang <!--:--><!--:km-->Marketing<!--:-->	testimonial-position	0
21850	262	653	0	Post	<!--:en-->Client-centerd case management, informing reliable data.<!--:--><!--:km-->Welcome<!--:-->	third-text-load	0
3665	184	1867	0	Post	50	about-who-we-are-progress-percent	0
21851	262	655	0	Post		introdution-sentence	0
21852	262	656	0	Post	<!--:en--><!--:--><!--:km-->Technology<!--:-->	big-word	0
8474	132	417	0	Post	90	about-score-number	0
5390	203	2140	0	Post		about-us-my-work-sub-title-3rd	0
5391	203	2141	0	Post		about-us-my-work-image-4th	0
5392	203	2142	0	Post		about-us-my-work-title-4th	0
5393	203	2143	0	Post		about-us-my-work-sub-title-4th	0
8475	132	418	0	Post	unknown	about-score-sign	0
8476	132	419	0	Post	Testing	about-score-text	0
8477	133	417	0	Post	100	about-score-number	0
8478	133	418	0	Post	unknown	about-score-sign	0
5410	234	2580	\N	Post	The fastest way to grow your business with the leader in	introdution-sentence	0
5411	234	2581	\N	Post	Technology	big-word	0
5221	213	2266	0	Post		about-start-sentence	0
5222	213	2267	0	Post	Technology	about-slider	0
5223	213	2269	0	Post	Who We Are	about-who-we-are-title	0
5224	213	2270	0	Post	About Who We Are Content	about-who-we-are-content	0
3800	190	1852	0	Post	http://localhost:3000/media/1/OSCaR_logo_last_final_art_AI.png	customer-logo	0
3802	192	1852	0	Post	http://localhost:3000/media/1/O_icon_last_final_AI.png	customer-logo	0
3804	194	1852	0	Post	http://localhost:3000/media/1/O_icon_last_final_AI.png	customer-logo	0
3805	182	1859	0	Post	http://localhost:3000/media/1/people.png	testimonial-image	0
3806	182	1860	0	Post	fish	testimonial-name	0
3807	182	1861	0	Post	swim	testimonial-position	0
5225	213	2274	0	Post		about-footer-main-sentence-content	0
5226	213	2275	0	Post		about-footer-sub-sentence-content	0
5227	213	2276	0	Post		about-footer-button-text	0
5228	213	2277	0	Post		about-footer-button-url	0
5229	213	2279	0	Post	http://localhost:3000/media/1/dark.mp4	about-video	0
8479	133	419	0	Post	Testing	about-score-text	0
5412	234	2582	\N	Post	Check out our options and features included.	option-and-feature	0
5413	234	2583	\N	Post	Get Start Now	get-start-now-text	0
5414	234	2584	\N	Post	https://www.google.com.kh/	get-start-now-url	0
5443	215	2457	0	Post	<!--:en--><!--:--><!--:km-->Pricing<!--:-->	title-pricing-page	0
21853	262	657	0	Post	<!--:en--><!--:--><!--:km-->Check out our options and features included.<!--:-->	option-and-feature	0
21854	262	658	0	Post		get-start-now	0
21855	262	659	0	Post		learn-more	0
21856	262	661	0	Post	<!--:en--><!--:--><!--:km-->Oscar Website<!--:-->	project-name	0
5447	224	2336	0	Post	call me hello	button-text-service	0
5448	224	2337	0	Post	https://www.w3schools.com/cssref/sel_firstchild.asp	button-url-service	0
5449	224	2475	0	Post	<!--:en-->sdf<!--:--><!--:km-->Services<!--:-->	title-service-page	0
21857	262	662	0	Post	<!--:en--><!--:--><!--:km-->Website<!--:-->	concept-slide-word	0
22030	269	837	0	Post		about-us-progress-work-percent-1st	0
22031	269	838	0	Post		about-us-progress-work-name-2nd	0
22032	269	839	0	Post		about-us-progress-work-percent-2nd	0
22320	297	920	0	Post		testimonial-image	0
22321	297	921	0	Post	<!--:en-->Robert Common<!--:--><!--:km--><!--:-->	testimonial-name	0
5470	51	1790	0	Theme	https://www.facebook.com/	facebook-url	0
5471	51	1791	0	Theme	https://twitter.com/	twitter-url	0
5472	51	1792	0	Theme	https://www.linkedin.com	linkedin-url	0
5494	233	2413	0	Post		home-background-image	0
5495	233	2580	0	Post	The fastest way to grow your business with the leader in	introdution-sentence	0
5496	233	2581	0	Post	Technology	big-word	0
5497	233	2582	0	Post	Check out our options and features included.	option-and-feature	0
5498	233	2583	0	Post	Get Start Now hello	get-start-now-text	0
5499	233	2584	0	Post	https://www.google.com.kh/	get-start-now-url	0
22322	297	922	0	Post	<!--:en-->Senior Child Protection Specialist at Save the Children<!--:--><!--:km--><!--:-->	testimonial-position	0
22033	269	840	0	Post		about-us-progress-work-name-3rd	0
4901	228	1906	0	Post	fa-bandcamp	service-font-awesome-icon-name	0
21858	262	663	0	Post	<!--:en-->OSCaR<!--:--><!--:km-->help children in Cambodia<!--:-->	project-meaning	0
21859	262	664	0	Post	<!--:en-->OSCaR marries strong case management and customisable program modelling with robust data interrogation, in a system designed by social workers, so that client work can accurately be reflected in reporting and M&E. And all in a secure, easy-to-access system that you can learn in a few simple sessions.<!--:--><!--:km-->We help all children in Camodia<!--:-->	concept-description	0
22323	298	920	0	Post		testimonial-image	0
22324	298	921	0	Post	<!--:en-->Hannah<!--:--><!--:km--><!--:-->	testimonial-name	0
22034	269	841	0	Post		about-us-progress-work-percent-3rd	0
22035	269	842	0	Post		about-us-progress-work-name-4th	0
22036	269	843	0	Post		about-us-progress-work-percent-4th	0
22325	298	922	0	Post	<!--:en-->Technical Consultant at Kinnected Myanmar<!--:--><!--:km--><!--:-->	testimonial-position	0
21860	262	665	0	Post	https://oscar-website-assets-production.s3.ap-southeast-1.amazonaws.com/integrated_case_management.JPG	concept-first-image	0
21861	262	666	0	Post	Integrated case management toolset	concept-first-description	0
21862	262	667	0	Post	https://oscar-website-assets-production.s3.ap-southeast-1.amazonaws.com/cusomisable_programming.JPG	concept-second-image	0
21863	262	668	0	Post	Customisable Programming	concept-second-description	0
21864	262	669	0	Post	https://oscar-website-assets-production.s3.ap-southeast-1.amazonaws.com/flexible_data.JPG	concept-third-image	0
22037	269	846	0	Post		about-us-background-image	0
22038	269	847	0	Post	<!--:en--><!--:--><!--:km-->He is the best developer in Oscar Website. He solves the problem very fast. He is the easy going person, nice and kindly. Everyone love him so much.<!--:-->	about-us-referent-comment-1st	0
22039	269	848	0	Post	<!--:en--><!--:--><!--:km-->Thinata<!--:-->	about-us-referent-name-1st	0
22040	269	849	0	Post	<!--:en--><!--:--><!--:km-->CTO<!--:-->	about-us-referent-position-1st	0
21865	262	670	0	Post	Flexible data output	concept-third-description	0
4753	16	2181	\N	Theme	Copyright &copy; 2015 - Camaleon CMS. All rights reservated.	footer	0
21866	262	671	0	Post	https://oscar-website-assets-production.s3.ap-southeast-1.amazonaws.com/complete_system.JPG	concept-big-image	0
21867	262	672	0	Post	A complete system for your organisation	concept-big-description	0
21868	262	674	0	Post	<!--:en-->We're not the only ones<!--:--><!--:km-->Our Customer<!--:-->	main-first-description	0
21869	262	675	0	Post	Happy	customer-description-slide-word	0
21870	262	675	1	Post	<!--:en-->excited<!--:--><!--:km-->Happy<!--:-->	customer-description-slide-word	0
21871	262	676	0	Post	<!--:en-->about OSCaR...<!--:--><!--:km-->to help children in Cambodia<!--:-->	main-second-description	0
5442	214	2447	0	Post	<!--:en--><!--:--><!--:km-->Features<!--:-->	title-feature-page	0
5355	237	2309	0	Post	fa fa-ravelry	feature-icon	0
5356	237	2310	0	Post	https://www.google.com.kh/	feature-url	0
4905	229	1859	0	Post	http://localhost:3000/media/1/people.png	testimonial-image	0
4906	229	1860	0	Post	super man	testimonial-name	0
4907	229	1861	0	Post	hero	testimonial-position	0
4911	171	1859	0	Post	http://localhost:3000/media/1/people.png	testimonial-image	0
4912	171	1860	0	Post	super man	testimonial-name	0
4913	171	1861	0	Post	hero	testimonial-position	0
5456	235	2553	0	Post	Monday - Friday - 9am to 5pm	contact-business-hour	0
5457	235	2555	0	Post	https://www.google.com/maps/embed?pb=!1m18!1m12!1m3!1d7818.0520587768915!2d104.93509217511968!3d11.54999046719775!2m3!1f0!2f0!3f0!3m2!1i1024!2i768!4f13.1!3m3!1m2!1s0x310956d330da8527%3A0x7eff3ca8d12ecc0f!2sKoh+Pich!5e0!3m2!1sen!2skh!4v1512100010729	contact-map	0
5458	235	2557	0	Post	Phnom Penh	contact-address	0
5459	235	2558	0	Post	010123456	contact-phone	0
5460	235	2559	0	Post	gechleng@rotati.com	contact-email	0
5461	235	2561	0	Post	<!--:en-->sdf<!--:--><!--:km-->Contact Us<!--:-->	title-contact-page	0
5463	162	2485	0	Post	<!--:en-->sdf<!--:--><!--:km-->Frequently Asked Questions<!--:-->	title-faq-page	0
5473	233	2383	0	Post		image-slider	0
5474	233	2384	0	Post		video-slider	0
5475	233	2385	0	Post	Title	first-text-load	0
5476	233	2386	0	Post	Oscar Website	second-text-load	0
5477	233	2387	0	Post	<!--:en-->Welcome Welcome hello world how are you <!--:--><!--:km-->Welcome<!--:-->	third-text-load	0
5478	233	2395	0	Post	Oscar Website	project-name	0
5479	233	2396	0	Post	<!--:en--><!--:--><!--:km-->Website<!--:-->	concept-slide-word	0
5480	233	2397	0	Post	help children in Cambodia	project-meaning	0
5481	233	2398	0	Post	We help all children in Camodia	concept-description	0
5230	234	2417	\N	Post	Title	first-text-load	0
5231	234	2418	\N	Post	Oscar Website	second-text-load	0
5232	234	2419	\N	Post	Welcome	third-text-load	0
5238	234	2427	\N	Post	Oscar Website	project-name	0
5239	234	2428	\N	Post	Website	concept-slide-word	0
5240	234	2429	\N	Post	help children in Cambodia	project-meaning	0
5241	234	2430	\N	Post	We help all children in Camodia	concept-description	0
5242	234	2432	\N	Post	Strategy	concept-first-description	0
5243	234	2434	\N	Post	Planning	concept-second-description	0
5244	234	2436	\N	Post	Build	concept-third-description	0
5245	234	2438	\N	Post	Our Work	concept-big-description	0
5246	234	2440	\N	Post	Our Customer	main-first-description	0
5482	233	2399	0	Post	http://localhost:3000/media/1/people.png	concept-first-image	0
5483	233	2400	0	Post	 Strategy Strategy Strategy Strategy	concept-first-description	0
5484	233	2401	0	Post	http://localhost:3000/media/1/people.png	concept-second-image	0
5485	233	2402	0	Post	Planning Planning Planning	concept-second-description	0
5486	233	2403	0	Post	http://localhost:3000/media/1/people.png	concept-third-image	0
5487	233	2404	0	Post	Build Build Build Build	concept-third-description	0
5488	233	2405	0	Post	http://localhost:3000/media/1/people.png	concept-big-image	0
5489	233	2406	0	Post	Our Work Our Work Our Work	concept-big-description	0
5490	233	2408	0	Post	Our Customer	main-first-description	0
5491	233	2409	0	Post	Happy	customer-description-slide-word	0
5492	233	2410	0	Post	to help children in Cambodia	main-second-description	0
5493	233	2411	0	Post	25,000 customers in 100 countries use Porto Template. Meet our customers.	sub-description	0
21872	262	677	0	Post	<!--:en-->16 customers in 4 countries use OSCaR. Meet our customers.<!--:--><!--:km-->25,000 customers in 100 countries use Porto Template. Meet our customers.<!--:-->	sub-description	0
21873	262	679	0	Post		home-background-image	0
22041	269	850	0	Post		about-us-referent-comment-2nd	0
22042	269	851	0	Post		about-us-referent-name-2nd	0
22043	269	852	0	Post		about-us-referent-position-2nd	0
21422	300	932	0	Post	<!--:en-->Monday - Friday - 8am to 5pm<!--:--><!--:km-->Monday - Friday - 9am to 5pm<!--:-->	contact-business-hour	0
21423	300	934	0	Post	https://www.google.com/maps/embed?pb=!1m18!1m12!1m3!1d13534.695776400977!2d104.90788786913565!3d11.527676810729576!2m3!1f0!2f0!3f0!3m2!1i1024!2i768!4f13.1!3m3!1m2!1s0x310950e961839be3%3A0x35172c87918ec8c6!2sChildren+in+Families+CIF!5e0!3m2!1sen!2skh!4v1515557907160	contact-map	0
22044	269	854	0	Post	<!--:en--><!--:--><!--:km-->Oscar Website is the website uses by a lot of organization around the world. Oscar gives a lot of children a hope.<!--:-->	about-us-my-work-description	0
22045	269	855	0	Post		about-us-my-work-image-1st	0
22046	269	856	0	Post	<!--:en--><!--:--><!--:km-->Oscar Website<!--:-->	about-us-my-work-title-1st	0
21424	300	936	0	Post	<!--:en-->Street 24BT, Sangkat Boeng Tumpun, Phnom Penh<!--:--><!--:km-->Phnom Penh<!--:-->	contact-address	0
21425	300	937	0	Post	+855 77 488 725	contact-phone	0
21426	300	938	0	Post	oscar@childreninfamilies.org	contact-email	0
21427	18	344	0	Theme		facebook-url	0
21428	18	345	0	Theme	https://twitter.com/	twitter-url	0
21429	18	346	0	Theme	http://linkedin.com/	linkedin-url	0
20520	263	649	0	Post	https://oscar-website-assets-production.s3.ap-southeast-1.amazonaws.com/light.jpg	image-slider	0
20521	263	650	0	Post	https://oscar-website-assets-production.s3.ap-southeast-1.amazonaws.com/light.mp4	video-slider	0
20522	263	651	0	Post	<!--:en--><!--:--><!--:km-->Title<!--:-->	first-text-load	0
20523	263	652	0	Post	<!--:en-->OSCaR<!--:--><!--:km-->Oscar Website<!--:-->	second-text-load	0
20524	263	653	0	Post	<!--:en-->Client-centerd case management, informing reliable data.<!--:--><!--:km-->Welcome<!--:-->	third-text-load	0
20525	263	655	0	Post		introdution-sentence	0
20526	263	656	0	Post	<!--:en--><!--:--><!--:km-->Technology<!--:-->	big-word	0
20527	263	657	0	Post	<!--:en--><!--:--><!--:km-->Check out our options and features included.<!--:-->	option-and-feature	0
20528	263	658	0	Post		get-start-now	0
20529	263	659	0	Post		learn-more	0
20530	263	661	0	Post	<!--:en--><!--:--><!--:km-->Oscar Website<!--:-->	project-name	0
20531	263	662	0	Post	<!--:en--><!--:--><!--:km-->Website<!--:-->	concept-slide-word	0
20532	263	663	0	Post	<!--:en-->OSCaR<!--:--><!--:km-->help children in Cambodia<!--:-->	project-meaning	0
20533	263	664	0	Post	<!--:en-->OSCaR marries strong case management and customisable program modelling with robust data interrogation, in a system designed by social workers, so that client work can accurately be reflected in reporting and M&E. And all in a secure, easy-to-access system that you can learn in a few simple sessions.<!--:--><!--:km-->We help all children in Camodia<!--:-->	concept-description	0
20534	263	665	0	Post	https://oscar-website-assets-production.s3.ap-southeast-1.amazonaws.com/integrated_case_management.JPG	concept-first-image	0
20535	263	666	0	Post	Integrated case management toolset	concept-first-description	0
20536	263	667	0	Post	https://oscar-website-assets-production.s3.ap-southeast-1.amazonaws.com/cusomisable_programming.JPG	concept-second-image	0
20537	263	668	0	Post	Customisable Programming	concept-second-description	0
21874	283	887	0	Post	fa fa-universal-access	feature-icon	0
20538	263	669	0	Post	https://oscar-website-assets-production.s3.ap-southeast-1.amazonaws.com/flexible_data.JPG	concept-third-image	0
20539	263	670	0	Post	Flexible data output	concept-third-description	0
20540	263	671	0	Post	https://oscar-website-assets-production.s3.ap-southeast-1.amazonaws.com/Home%20page/5.png	concept-big-image	0
20541	263	672	0	Post	A complete system for your organisation	concept-big-description	0
21875	283	888	0	Post	http://oscar.rotati.com	feature-url	0
21876	284	887	0	Post	fa fa-users	feature-icon	0
20542	263	674	0	Post	<!--:en-->We're not the only ones<!--:--><!--:km-->Our Customer<!--:-->	main-first-description	0
20543	263	675	0	Post	Happy	customer-description-slide-word	0
20544	263	675	1	Post	<!--:en-->excited<!--:--><!--:km-->Happy<!--:-->	customer-description-slide-word	0
20545	263	676	0	Post	<!--:en-->about OSCaR...<!--:--><!--:km-->to help children in Cambodia<!--:-->	main-second-description	0
8949	149	406	0	Post	https://oscar-website-assets-production.s3.ap-southeast-1.amazonaws.com/Customer/04.png	customer-logo	0
21877	284	888	0	Post	http://oscar.rotati.com	feature-url	0
21878	285	887	0	Post	fa fa-area-chart	feature-icon	0
8950	150	406	0	Post	https://oscar-website-assets-production.s3.ap-southeast-1.amazonaws.com/Customer/03.png	customer-logo	0
20546	263	677	0	Post	<!--:en-->16 customers in 4 countries use OSCaR. Meet our customers.<!--:--><!--:km-->25,000 customers in 100 countries use Porto Template. Meet our customers.<!--:-->	sub-description	0
22047	269	857	0	Post	<!--:en--><!--:--><!--:km-->web<!--:-->	about-us-my-work-sub-title-1st	0
22048	269	858	0	Post		about-us-my-work-image-2nd	0
20547	263	679	0	Post		home-background-image	0
8270	122	406	0	Post	https://oscar-website-assets-production.s3.ap-southeast-1.amazonaws.com/project-5.jpg	customer-logo	0
8271	123	406	0	Post	https://oscar-website-assets-production.s3.ap-southeast-1.amazonaws.com/team-1.jpg	customer-logo	0
21879	285	888	0	Post	http://oscar.rotati.com	feature-url	0
21880	286	887	0	Post	fa fa-lock	feature-icon	0
21881	286	888	0	Post	http://oscar.rotati.com	feature-url	0
8952	152	406	0	Post	https://oscar-website-assets-production.s3.ap-southeast-1.amazonaws.com/Customer/01.png	customer-logo	0
22049	269	859	0	Post		about-us-my-work-title-2nd	0
22050	269	860	0	Post		about-us-my-work-sub-title-2nd	0
22051	269	861	0	Post		about-us-my-work-image-3rd	0
22054	269	864	0	Post		about-us-my-work-image-4th	0
22055	269	865	0	Post		about-us-my-work-title-4th	0
22056	269	866	0	Post		about-us-my-work-sub-title-4th	0
22127	278	887	0	Post	fa fa-list-alt	feature-icon	0
22128	278	888	0	Post	http://oscar.rotati.com/client-detail	feature-url	0
21773	110	389	0	Post	https://oscar-website-assets-production.s3.ap-southeast-1.amazonaws.com/parallax-2_1.jpg	testimonial-background-image	0
22058	273	829	0	Post	https://oscar-website-assets-production.s3.ap-southeast-1.amazonaws.com/About%20People/team-3.jpg	about-us-image	0
22059	273	830	0	Post	<!--:en-->CMS Project Coordinator<!--:--><!--:km--><!--:-->	about-us-position	0
22060	273	831	0	Post		about-us-facebook	0
22061	273	832	0	Post		about-us-twitter	0
22062	273	833	0	Post		about-us-linkedin	0
22063	273	836	0	Post	<!--:en--><!--:--><!--:km--><!--:-->	about-us-progress-work-name-1st	0
22064	273	837	0	Post		about-us-progress-work-percent-1st	0
22065	273	838	0	Post		about-us-progress-work-name-2nd	0
22066	273	839	0	Post		about-us-progress-work-percent-2nd	0
21782	279	887	0	Post	fa fa-key	feature-icon	0
21783	279	888	0	Post	https://www.google.com.kh/	feature-url	0
22067	273	840	0	Post		about-us-progress-work-name-3rd	0
22068	273	841	0	Post		about-us-progress-work-percent-3rd	0
22069	273	842	0	Post		about-us-progress-work-name-4th	0
22070	273	843	0	Post		about-us-progress-work-percent-4th	0
21786	111	622	0	Post	contact me	button-text-service	0
21787	111	623	0	Post	http://oscar.rotati.com/contact-us	button-url-service	0
22071	273	846	0	Post		about-us-background-image	0
22072	273	847	0	Post	<!--:en--><!--:--><!--:km--><!--:-->	about-us-referent-comment-1st	0
22073	273	848	0	Post	<!--:en--><!--:--><!--:km--><!--:-->	about-us-referent-name-1st	0
22074	273	849	0	Post		about-us-referent-position-1st	0
22075	273	850	0	Post		about-us-referent-comment-2nd	0
22076	273	851	0	Post		about-us-referent-name-2nd	0
22077	273	852	0	Post		about-us-referent-position-2nd	0
14481	239	406	0	Post	https://oscar-website-assets-production.s3.ap-southeast-1.amazonaws.com/OSCaR_logo_last_final_art_AI.png	customer-logo	0
22078	273	854	0	Post	<!--:en--><!--:--><!--:km--><!--:-->	about-us-my-work-description	0
22079	273	855	0	Post		about-us-my-work-image-1st	0
22080	273	856	0	Post	<!--:en--><!--:--><!--:km--><!--:-->	about-us-my-work-title-1st	0
22081	273	857	0	Post	<!--:en--><!--:--><!--:km--><!--:-->	about-us-my-work-sub-title-1st	0
22082	273	858	0	Post		about-us-my-work-image-2nd	0
22083	273	859	0	Post		about-us-my-work-title-2nd	0
22084	273	860	0	Post		about-us-my-work-sub-title-2nd	0
22085	273	861	0	Post		about-us-my-work-image-3rd	0
21798	280	887	0	Post	fa fa-newspaper-o	feature-icon	0
21799	280	888	0	Post		feature-url	0
22086	273	862	0	Post		about-us-my-work-title-3rd	0
22087	273	863	0	Post		about-us-my-work-sub-title-3rd	0
22088	273	864	0	Post		about-us-my-work-image-4th	0
22089	273	865	0	Post		about-us-my-work-title-4th	0
22090	273	866	0	Post		about-us-my-work-sub-title-4th	0
22091	308	421	0	Post	100	about-who-we-are-progress-percent	0
21800	281	887	0	Post	fa fa-object-group	feature-icon	0
21801	281	888	0	Post	http://oscar.rotati.com	feature-url	0
21806	282	887	0	Post	fa -> fa-search-plus	feature-icon	0
21807	282	888	0	Post	http://oscar.rotati.com	feature-url	0
21813	299	932	0	Post	<!--:en-->Monday - Friday - 8am to 5pm<!--:--><!--:km-->Monday - Friday - 9am to 5pm<!--:-->	contact-business-hour	0
21814	299	934	0	Post	https://www.google.com/maps/embed?pb=!1m18!1m12!1m3!1d13534.695776400977!2d104.90788786913565!3d11.527676810729576!2m3!1f0!2f0!3f0!3m2!1i1024!2i768!4f13.1!3m3!1m2!1s0x310950e961839be3%3A0x35172c87918ec8c6!2sChildren+in+Families+CIF!5e0!3m2!1sen!2skh!4v1515557907160	contact-map	0
21815	299	936	0	Post	<!--:en-->Street 24BT, Sangkat Boeng Tumpun, Phnom Penh<!--:--><!--:km-->Phnom Penh<!--:-->	contact-address	0
14287	228	406	0	Post	https://oscar-website-assets-production.s3.ap-southeast-1.amazonaws.com/OSCaR_logo_last_final_art_AI.png	customer-logo	0
21816	299	937	0	Post	+855 77 488 725	contact-phone	0
21817	299	938	0	Post	oscar@childreninfamilies.org	contact-email	0
22092	275	829	0	Post		about-us-image	0
22093	275	830	0	Post	<!--:en-->CMS Technical Liaison and Trainer<!--:--><!--:km--><!--:-->	about-us-position	0
22094	275	831	0	Post		about-us-facebook	0
21318	287	898	0	Post	<!--:en-->fa fa-user<!--:--><!--:km--><!--:-->	service-font-awesome-icon-name	0
21319	288	898	0	Post	<!--:en-->fa fa-address-book<!--:--><!--:km--><!--:-->	service-font-awesome-icon-name	0
21320	289	898	0	Post	<!--:en-->fa fa-address-book<!--:--><!--:km--><!--:-->	service-font-awesome-icon-name	0
21321	290	898	0	Post	<!--:en-->fa fa-user<!--:--><!--:km--><!--:-->	service-font-awesome-icon-name	0
22095	275	832	0	Post		about-us-twitter	0
22096	275	833	0	Post		about-us-linkedin	0
22097	275	836	0	Post	<!--:en--><!--:--><!--:km--><!--:-->	about-us-progress-work-name-1st	0
22098	275	837	0	Post		about-us-progress-work-percent-1st	0
22099	275	838	0	Post		about-us-progress-work-name-2nd	0
22100	275	839	0	Post		about-us-progress-work-percent-2nd	0
21949	304	829	0	Post	https://oscar-website-assets-production.s3.ap-southeast-1.amazonaws.com/About%20People/team-3.jpg	about-us-image	0
21950	304	830	0	Post	<!--:en-->Social Work Technical Adviser<!--:--><!--:km--><!--:-->	about-us-position	0
21951	304	831	0	Post		about-us-facebook	0
21952	304	832	0	Post		about-us-twitter	0
21953	304	833	0	Post	https://www.linkedin.com/in/clsellinger/	about-us-linkedin	0
22101	275	840	0	Post		about-us-progress-work-name-3rd	0
22102	275	841	0	Post		about-us-progress-work-percent-3rd	0
22103	275	842	0	Post		about-us-progress-work-name-4th	0
22104	275	843	0	Post		about-us-progress-work-percent-4th	0
22105	275	846	0	Post		about-us-background-image	0
22106	275	847	0	Post	<!--:en--><!--:--><!--:km--><!--:-->	about-us-referent-comment-1st	0
22107	275	848	0	Post	<!--:en--><!--:--><!--:km--><!--:-->	about-us-referent-name-1st	0
22108	275	849	0	Post	<!--:en--><!--:--><!--:km--><!--:-->	about-us-referent-position-1st	0
22109	275	850	0	Post		about-us-referent-comment-2nd	0
22110	275	851	0	Post		about-us-referent-name-2nd	0
22111	275	852	0	Post		about-us-referent-position-2nd	0
22112	275	854	0	Post	<!--:en--><!--:--><!--:km--><!--:-->	about-us-my-work-description	0
22113	275	855	0	Post		about-us-my-work-image-1st	0
22114	275	856	0	Post	<!--:en--><!--:--><!--:km--><!--:-->	about-us-my-work-title-1st	0
22115	275	857	0	Post	<!--:en--><!--:--><!--:km--><!--:-->	about-us-my-work-sub-title-1st	0
22116	275	858	0	Post		about-us-my-work-image-2nd	0
22117	275	859	0	Post		about-us-my-work-title-2nd	0
22118	275	860	0	Post		about-us-my-work-sub-title-2nd	0
22119	275	861	0	Post		about-us-my-work-image-3rd	0
21954	304	836	0	Post	<!--:en--><!--:--><!--:km--><!--:-->	about-us-progress-work-name-1st	0
21955	304	837	0	Post		about-us-progress-work-percent-1st	0
21956	304	838	0	Post		about-us-progress-work-name-2nd	0
21957	304	839	0	Post		about-us-progress-work-percent-2nd	0
21958	304	840	0	Post		about-us-progress-work-name-3rd	0
21959	304	841	0	Post		about-us-progress-work-percent-3rd	0
21960	304	842	0	Post		about-us-progress-work-name-4th	0
21961	304	843	0	Post		about-us-progress-work-percent-4th	0
21962	304	846	0	Post		about-us-background-image	0
21963	304	847	0	Post		about-us-referent-comment-1st	0
21964	304	848	0	Post	<!--:en--><!--:--><!--:km--><!--:-->	about-us-referent-name-1st	0
21965	304	849	0	Post	<!--:en--><!--:--><!--:km--><!--:-->	about-us-referent-position-1st	0
21966	304	850	0	Post		about-us-referent-comment-2nd	0
21967	304	851	0	Post		about-us-referent-name-2nd	0
21968	304	852	0	Post		about-us-referent-position-2nd	0
21969	304	854	0	Post	<!--:en--><!--:--><!--:km--><!--:-->	about-us-my-work-description	0
21970	304	855	0	Post		about-us-my-work-image-1st	0
21971	304	856	0	Post	<!--:en--><!--:--><!--:km--><!--:-->	about-us-my-work-title-1st	0
21972	304	857	0	Post	<!--:en--><!--:--><!--:km--><!--:-->	about-us-my-work-sub-title-1st	0
21973	304	858	0	Post		about-us-my-work-image-2nd	0
22120	275	862	0	Post		about-us-my-work-title-3rd	0
22121	275	863	0	Post		about-us-my-work-sub-title-3rd	0
22122	275	864	0	Post		about-us-my-work-image-4th	0
22123	275	865	0	Post		about-us-my-work-title-4th	0
22124	275	866	0	Post		about-us-my-work-sub-title-4th	0
22271	265	689	0	Post	<!--:en-->What were we<!--:--><!--:km--><!--:-->	about-start-sentence	0
22272	265	690	0	Post	<!--:en-->aiming for?<!--:--><!--:km-->Technology<!--:-->	about-slider	0
22273	265	690	1	Post	<!--:en-->thinking?<!--:--><!--:km-->Technology<!--:-->	about-slider	0
22274	265	690	2	Post	<!--:en-->planning?<!--:--><!--:km-->Technology<!--:-->	about-slider	0
22275	265	692	0	Post	<!--:en-->Who is the OSCaR Team?<!--:--><!--:km-->Who We Are<!--:-->	about-who-we-are-title	0
22276	265	693	0	Post	<!--:en-->Meet the people behind the development of OSCaR, based at Children in Families in Phnom Penh.<!--:--><!--:km-->About Who We Are Content<!--:-->	about-who-we-are-content	0
22277	265	697	0	Post	<!--:en-->OSCaR is the Open Source Case-Management and Record-Keeping System<!--:--><!--:km--><!--:-->	about-footer-main-sentence-content	0
22278	265	698	0	Post	<!--:en-->We support social work in organisations around the world!<!--:--><!--:km--><!--:-->	about-footer-sub-sentence-content	0
22279	265	699	0	Post	<!--:en-->Interested?<!--:--><!--:km--><!--:-->	about-footer-button-text	0
22280	265	700	0	Post	http://oscar.rotati.com/contact-us	about-footer-button-url	0
22281	265	702	0	Post	https://oscar-website-assets-production.s3.ap-southeast-1.amazonaws.com/dark.mp4	about-video	0
21974	304	859	0	Post		about-us-my-work-title-2nd	0
21975	304	860	0	Post		about-us-my-work-sub-title-2nd	0
21976	304	861	0	Post		about-us-my-work-image-3rd	0
21977	304	862	0	Post		about-us-my-work-title-3rd	0
21978	304	863	0	Post		about-us-my-work-sub-title-3rd	0
21979	304	864	0	Post		about-us-my-work-image-4th	0
21980	304	865	0	Post		about-us-my-work-title-4th	0
21981	304	866	0	Post		about-us-my-work-sub-title-4th	0
21982	271	829	0	Post	https://oscar-website-assets-production.s3.ap-southeast-1.amazonaws.com/About%20People/team-3.jpg	about-us-image	0
21983	271	830	0	Post	<!--:en-->Social Work Technical Adviser<!--:--><!--:km--><!--:-->	about-us-position	0
21984	271	831	0	Post		about-us-facebook	0
21985	271	832	0	Post		about-us-twitter	0
21986	271	833	0	Post	https://www.linkedin.com/in/clsellinger/	about-us-linkedin	0
21987	271	836	0	Post	<!--:en--><!--:--><!--:km--><!--:-->	about-us-progress-work-name-1st	0
21988	271	837	0	Post		about-us-progress-work-percent-1st	0
21989	271	838	0	Post		about-us-progress-work-name-2nd	0
21990	271	839	0	Post		about-us-progress-work-percent-2nd	0
21991	271	840	0	Post		about-us-progress-work-name-3rd	0
21992	271	841	0	Post		about-us-progress-work-percent-3rd	0
21993	271	842	0	Post		about-us-progress-work-name-4th	0
21994	271	843	0	Post		about-us-progress-work-percent-4th	0
21995	271	846	0	Post		about-us-background-image	0
21996	271	847	0	Post		about-us-referent-comment-1st	0
21997	271	848	0	Post	<!--:en--><!--:--><!--:km--><!--:-->	about-us-referent-name-1st	0
21998	271	849	0	Post	<!--:en--><!--:--><!--:km--><!--:-->	about-us-referent-position-1st	0
21999	271	850	0	Post		about-us-referent-comment-2nd	0
22000	271	851	0	Post		about-us-referent-name-2nd	0
22001	271	852	0	Post		about-us-referent-position-2nd	0
22002	271	854	0	Post	<!--:en--><!--:--><!--:km--><!--:-->	about-us-my-work-description	0
22003	271	855	0	Post		about-us-my-work-image-1st	0
22004	271	856	0	Post	<!--:en--><!--:--><!--:km--><!--:-->	about-us-my-work-title-1st	0
22005	271	857	0	Post	<!--:en--><!--:--><!--:km--><!--:-->	about-us-my-work-sub-title-1st	0
22006	271	858	0	Post		about-us-my-work-image-2nd	0
22007	271	859	0	Post		about-us-my-work-title-2nd	0
22008	271	860	0	Post		about-us-my-work-sub-title-2nd	0
22009	271	861	0	Post		about-us-my-work-image-3rd	0
22010	271	862	0	Post		about-us-my-work-title-3rd	0
22011	271	863	0	Post		about-us-my-work-sub-title-3rd	0
22012	271	864	0	Post		about-us-my-work-image-4th	0
22013	271	865	0	Post		about-us-my-work-title-4th	0
22014	271	866	0	Post		about-us-my-work-sub-title-4th	0
22282	264	689	0	Post	<!--:en-->What were we<!--:--><!--:km--><!--:-->	about-start-sentence	0
22283	264	690	0	Post	<!--:en-->aiming for?<!--:--><!--:km-->Technology<!--:-->	about-slider	0
22284	264	690	1	Post	<!--:en-->thinking?<!--:--><!--:km-->Technology<!--:-->	about-slider	0
22285	264	690	2	Post	<!--:en-->planning?<!--:--><!--:km-->Technology<!--:-->	about-slider	0
22286	264	692	0	Post	<!--:en-->Who is the OSCaR Team?<!--:--><!--:km-->Who We Are<!--:-->	about-who-we-are-title	0
22287	264	693	0	Post	<!--:en-->Meet the people behind the development of OSCaR, based at Children in Families in Phnom Penh.<!--:--><!--:km-->About Who We Are Content<!--:-->	about-who-we-are-content	0
22288	264	697	0	Post	<!--:en-->OSCaR: Open Source Case-Management and Record-Keeping System<!--:--><!--:km--><!--:-->	about-footer-main-sentence-content	0
22289	264	698	0	Post	<!--:en-->We support social work in organisations around the world!<!--:--><!--:km--><!--:-->	about-footer-sub-sentence-content	0
22290	264	699	0	Post	<!--:en-->Interested?<!--:--><!--:km--><!--:-->	about-footer-button-text	0
22291	264	700	0	Post	http://oscar.rotati.com/contact-us	about-footer-button-url	0
22292	264	702	0	Post	https://oscar-website-assets-production.s3.ap-southeast-1.amazonaws.com/dark.mp4	about-video	0
22302	310	920	0	Post	https://oscar-website-assets-production.s3.ap-southeast-1.amazonaws.com/About%20People/team-3.jpg	testimonial-image	0
22303	310	921	0	Post	<!--:en-->John Statham<!--:--><!--:km-->John<!--:-->	testimonial-name	0
22304	310	922	0	Post	<!--:en-->Senior Social Work Technial Adviser at Save the Children<!--:--><!--:km-->Client<!--:-->	testimonial-position	0
14482	240	406	0	Post	https://oscar-website-assets-production.s3.ap-southeast-1.amazonaws.com/OSCaR_logo_last_final_art_AI.png	customer-logo	0
\.


--
-- Data for Name: cama_metas; Type: TABLE DATA; Schema: public; Owner: postgres
--

COPY cama_metas (id, key, value, objectid, object_class) FROM stdin;
3	_manager_1	{"media":1,"comments":1,"themes":1,"widgets":1,"nav_menu":1,"plugins":1,"users":1,"settings":1,"theme_settings":1}	3	UserRole
6	_default	{"not_deleted":true}	6	Category
7	_default	{"has_category":false,"has_tags":false,"has_summary":false,"has_content":true,"has_comments":false,"has_picture":true,"has_template":true,"has_seo":true,"not_deleted":true,"has_layout":true,"default_layout":""}	7	PostType
32	visits	2	3	Post
8	_post_type_1	{}	11	UserRole
9	_manager_1	{}	11	UserRole
10	_default	{"version_installed":0.2}	12	Plugin
11	front_cache_elements	{"paths":[],"posts":[],"post_types":[7],"skip_posts":[],"home":true,"cache_login":true,"cache_counter":0}	1	Site
12	_default	{"version_installed":"0.0.24"}	13	Plugin
13	_default	{"version_installed":0.1}	14	Plugin
2837	_default	{"field_key":"image"}	2431	CustomField
15	_default	{"version_installed":1.4}	15	Plugin
2838	_default	{"field_key":"text_box","default_value":"Strategy"}	2432	CustomField
2839	_default	{"field_key":"image"}	2433	CustomField
2840	_default	{"field_key":"text_box","default_value":"Planning"}	2434	CustomField
2841	_default	{"field_key":"image"}	2435	CustomField
2579	_default	{"has_category":false,"has_content":true,"has_tags":false,"has_summary":false,"has_comments":false,"has_picture":false,"has_template":false,"has_keywords":false,"contents_route_format":"post_of_posttype"}	\N	PostType
2842	_default	{"field_key":"text_box","default_value":"Build"}	2436	CustomField
2843	_default	{"field_key":"image","multiple":true}	2437	CustomField
2844	_default	{"field_key":"text_box","default_value":"Our Work"}	2438	CustomField
23	date_notified_message		1	Site
26	slug	my-testing-post	3	Post
27	summary		3	Post
28	template		3	Post
29	has_comments	1	3	Post
30	thumb		3	Post
31	_default	{"seo_title":"","keywords":"","seo_description":"","seo_author":"","seo_image":""}	3	Post
447	_default	{"has_category":false,"has_content":true,"has_tags":false,"has_summary":false,"has_comments":false,"has_picture":false,"has_template":false,"has_keywords":false,"contents_route_format":"post_of_posttype"}	\N	PostType
2177	_default	{"has_category":false,"has_content":true,"has_tags":false,"has_summary":false,"has_comments":false,"has_picture":false,"has_template":false,"has_keywords":false,"contents_route_format":"post_of_posttype"}	279	PostType
747	_default	{"has_category":false,"has_content":true,"has_tags":false,"has_summary":false,"has_comments":false,"has_picture":false,"has_template":false,"has_keywords":false,"contents_route_format":"post_of_posttype"}	\N	PostType
1690	_default	{"has_category":false,"has_content":true,"has_tags":false,"has_summary":false,"has_comments":false,"has_picture":false,"has_template":false,"has_keywords":false,"contents_route_format":"post_of_posttype"}	\N	PostType
1643	_default	{"has_category":false,"has_content":true,"has_tags":false,"has_summary":false,"has_comments":false,"has_picture":false,"has_template":false,"has_keywords":false,"contents_route_format":"post_of_posttype"}	\N	PostType
24	visits	4	1	Post
674	_default	{"has_category":false,"has_content":true,"has_tags":false,"has_summary":false,"has_comments":false,"has_picture":false,"has_template":false,"has_keywords":false,"contents_route_format":"post_of_posttype"}	\N	PostType
901	_default	{"has_category":false,"has_content":true,"has_tags":false,"has_summary":false,"has_comments":false,"has_picture":false,"has_template":false,"has_keywords":false,"contents_route_format":"post_of_posttype"}	\N	PostType
419	_default	{"has_category":false,"has_content":true,"has_tags":false,"has_summary":false,"has_comments":false,"has_picture":false,"has_template":false,"has_keywords":false,"contents_route_format":"post_of_posttype"}	\N	PostType
675	_default	{"has_category":false,"has_content":true,"has_tags":false,"has_summary":false,"has_comments":false,"has_picture":false,"has_template":false,"has_keywords":false,"contents_route_format":"post_of_posttype"}	\N	PostType
2213	slug	faq,faq	162	Post
2214	template	template_faq	162	Post
2215	layout		162	Post
2216	thumb		162	Post
2217	_default	{"seo_title":"","keywords":"","seo_description":"","seo_author":"","seo_image":""}	162	Post
2642	template	template_features	214	Post
2643	layout		214	Post
52	_default	{"version_installed":"0.0.2"}	22	Plugin
2644	thumb		214	Post
53	_reorder_objects	{"post_type":["7"]}	22	Plugin
621	_default	{"has_category":false,"has_content":true,"has_tags":false,"has_summary":false,"has_comments":false,"has_picture":false,"has_template":false,"has_keywords":false,"contents_route_format":"post_of_posttype"}	\N	PostType
1243	_default	{"has_category":false,"has_content":true,"has_tags":false,"has_summary":false,"has_comments":false,"has_picture":false,"has_template":false,"has_keywords":false,"contents_route_format":"post_of_posttype"}	\N	PostType
2645	_default	{"seo_title":"","keywords":"","seo_description":"","seo_author":"","seo_image":""}	214	Post
627	_default	{"has_category":false,"has_content":true,"has_tags":false,"has_summary":false,"has_comments":false,"has_picture":false,"has_template":false,"has_keywords":false,"contents_route_format":"post_of_posttype"}	\N	PostType
2666	slug	blog,blog	219	Post
2668	layout		219	Post
2669	thumb		219	Post
2670	_default	{"seo_title":"","keywords":"","seo_description":"","seo_author":"","seo_image":""}	219	Post
2667	template	template_blog	219	Post
1	_default	{"has_category":true,"has_tags":true,"has_summary":true,"has_content":true,"has_comments":true,"has_picture":true,"has_template":true,"has_seo":true,"not_deleted":true,"has_layout":false,"default_layout":"","icon":"","default_template":"","has_single_category":false,"has_featured":false,"has_parent_structure":false,"posts_image_dimension":"","posts_thumb_versions":"","posts_thumb_size":"","is_required_picture":false,"contents_route_format":"post_of_posttype","default_thumb":""}	2	PostType
2330	_default	{"has_category":false,"has_content":true,"has_tags":false,"has_summary":false,"has_comments":false,"has_picture":false,"has_template":false,"has_keywords":false,"contents_route_format":"post_of_posttype"}	\N	PostType
77	_post_type_38	{"edit":[39,41],"edit_other":[39,41],"edit_publish":[39,41],"publish":[39,41],"delete":[39,41],"delete_other":[39,41],"delete_publish":[39,41],"manage_categories":[39,41],"manage_tags":[39,41]}	4	UserRole
2646	slug	pricing,pricing	215	Post
2647	template	template_pricing	215	Post
2648	layout		215	Post
358	_default	{"has_category":false,"has_content":true,"has_tags":false,"has_summary":false,"has_comments":false,"has_picture":false,"has_template":false,"has_keywords":false,"contents_route_format":"post_of_posttype"}	\N	PostType
66	avatar		3	User
67	slogan		3	User
2649	thumb		215	Post
292	_default	{"has_category":false,"has_content":true,"has_tags":false,"has_summary":false,"has_comments":false,"has_picture":false,"has_template":false,"has_keywords":false,"contents_route_format":"post_of_posttype"}	\N	PostType
2650	_default	{"seo_title":"","keywords":"","seo_description":"","seo_author":"","seo_image":""}	215	Post
78	_post_type_38	{"edit":[39,41]}	5	UserRole
293	_default	{"has_category":false,"has_content":true,"has_tags":false,"has_summary":false,"has_comments":false,"has_picture":false,"has_template":false,"has_keywords":false,"contents_route_format":"post_of_posttype"}	\N	PostType
300	_default	{"has_category":false,"has_content":true,"has_tags":false,"has_summary":false,"has_comments":false,"has_picture":false,"has_template":false,"has_keywords":false,"contents_route_format":"post_of_posttype"}	\N	PostType
301	_default	{"has_category":false,"has_content":true,"has_tags":false,"has_summary":false,"has_comments":false,"has_picture":false,"has_template":false,"has_keywords":false,"contents_route_format":"post_of_posttype"}	\N	PostType
81	_post_type_38	{}	11	UserRole
82	_manager_38	{}	11	UserRole
74	_default	{"has_category":true,"has_tags":true,"has_summary":true,"has_content":true,"has_comments":true,"has_picture":true,"has_template":true,"has_seo":true,"not_deleted":true,"has_layout":false,"default_layout":""}	39	PostType
76	_manager_38	{"media":1,"comments":1,"themes":1,"widgets":1,"nav_menu":1,"plugins":1,"users":1,"settings":1,"theme_settings":1}	3	UserRole
79	_default	{"not_deleted":true}	40	Category
80	_default	{"has_category":false,"has_tags":false,"has_summary":false,"has_content":true,"has_comments":false,"has_picture":true,"has_template":true,"has_seo":true,"not_deleted":true,"has_layout":true,"default_layout":""}	41	PostType
75	_post_type_38	{"edit":[39,41],"edit_other":[39,41],"edit_publish":[39,41],"publish":[39,41],"delete":[39,41],"delete_other":[39,41],"delete_publish":[39,41],"manage_categories":[39,41],"manage_tags":[39,41]}	3	UserRole
83	_default	{"version_installed":0.2}	45	Plugin
84	front_cache_elements	{"paths":[],"posts":[],"post_types":[41],"skip_posts":[],"home":true,"cache_login":true,"cache_counter":0}	38	Site
85	_default	{"version_installed":"0.0.24"}	46	Plugin
86	_default	{"version_installed":0.1}	47	Plugin
88	_default	{"version_installed":1.4}	48	Plugin
90	_default	{"field_key":"editor","default_value":"Copyright \\u0026copy; 2015 - Camaleon CMS. All rights reservated."}	27	CustomField
97	_default	{"field_key":"editor","translate":true,"default_value":"\\u003ch4\\u003eAbout Theme\\u003c/h4\\u003e\\u003cp\\u003eThis cute theme was created to showcase your work in a simple way. Use it wisely.\\u003c/p\\u003e"}	35	CustomField
91	date_notified_message		38	Site
87	attack_config	{"get":{"sec":20,"max":10},"post":{"sec":20,"max":5},"msg":"Requests Limit exceeded!","ban":5,"cleared":"2017-11-21 09:29:42 +0700"}	38	Site
92	_default	{"field_key":"posts","post_types":"all"}	29	CustomField
93	_default	{"field_key":"select_eval","command":"camaleon_first_list_select"}	30	CustomField
94	_default	{"field_key":"numeric","default_value":6}	31	CustomField
95	_default	{"field_key":"editor","translate":true,"default_value":"\\u003ch4\\u003eMy Bunker\\u003c/h4\\u003e\\u003cp\\u003eSome Address 987,\\u003cbr\\u003e +34 9054 5455, \\u003cbr\\u003e Madrid, Spain. \\u003c/p\\u003e"}	33	CustomField
96	_default	{"field_key":"editor","translate":true,"default_value":"\\u003ch4\\u003eMy Links\\u003c/h4\\u003e \\u003cp\\u003e\\u003ca href='#'\\u003eDribbble\\u003c/a\\u003e\\u003cbr\\u003e \\u003ca href='#'\\u003eTwitter\\u003c/a\\u003e\\u003cbr\\u003e \\u003ca href='#'\\u003eFacebook\\u003c/a\\u003e\\u003c/p\\u003e"}	34	CustomField
379	_default	{"has_category":false,"has_content":true,"has_tags":false,"has_summary":false,"has_comments":false,"has_picture":false,"has_template":false,"has_keywords":false,"contents_route_format":"post_of_posttype"}	\N	PostType
65	languages_site	["en","km"]	1	Site
2845	_default	{"field_key":"text_box","translate":true,"default_value":"Our Customer"}	2440	CustomField
89	_default	{"_theme":"camaleon_first","date_notified":"2017-11-20","save_intro":true,"refresh_cache":true}	38	Site
311	_default	{"has_category":false,"has_content":true,"has_tags":false,"has_summary":false,"has_comments":false,"has_picture":false,"has_template":false,"has_keywords":false,"contents_route_format":"post_of_posttype"}	\N	PostType
601	_default	{"has_category":false,"has_content":true,"has_tags":false,"has_summary":false,"has_comments":false,"has_picture":false,"has_template":false,"has_keywords":false,"contents_route_format":"post_of_posttype"}	\N	PostType
321	_default	{"has_category":false,"has_content":true,"has_tags":false,"has_summary":false,"has_comments":false,"has_picture":false,"has_template":false,"has_keywords":false,"contents_route_format":"post_of_posttype"}	\N	PostType
2249	slug	second-pricing,second-pricing	179	Post
328	_default	{"has_category":false,"has_content":true,"has_tags":false,"has_summary":false,"has_comments":false,"has_picture":false,"has_template":false,"has_keywords":false,"contents_route_format":"post_of_posttype"}	\N	PostType
1658	_default	{"has_category":false,"has_content":true,"has_tags":false,"has_summary":false,"has_comments":false,"has_picture":false,"has_template":false,"has_keywords":false,"contents_route_format":"post_of_posttype"}	\N	PostType
2764	_default	{"has_category":false,"has_content":true,"has_tags":false,"has_summary":false,"has_comments":false,"has_picture":false,"has_template":false,"has_keywords":false,"contents_route_format":"post_of_posttype"}	\N	PostType
2333	slug	four,four	191	Post
2712	_default	{"has_category":false,"has_content":true,"has_tags":false,"has_summary":false,"has_comments":false,"has_picture":false,"has_template":false,"has_keywords":false,"contents_route_format":"post_of_posttype"}	\N	PostType
2846	_default	{"field_key":"text_box","translate":true,"default_value":"Happy","multiple":true}	2441	CustomField
2233	slug	second-q,second-q	165	Post
2697	slug	first-feature,first-feature	221	Post
2720	_default	{"field_key":"text_box"}	2336	CustomField
2250	slug	second-blog-post,second-blog-post	180	Post
577	_default	{"has_category":false,"has_content":true,"has_tags":false,"has_summary":false,"has_comments":false,"has_picture":false,"has_template":false,"has_keywords":false,"contents_route_format":"post_of_posttype"}	\N	PostType
589	_default	{"has_category":false,"has_content":true,"has_tags":false,"has_summary":false,"has_comments":false,"has_picture":false,"has_template":false,"has_keywords":false,"contents_route_format":"post_of_posttype"}	\N	PostType
844	_default	{"has_category":false,"has_content":true,"has_tags":false,"has_summary":false,"has_comments":false,"has_picture":false,"has_template":false,"has_keywords":false,"contents_route_format":"post_of_posttype"}	\N	PostType
2671	visits	150	213	Post
845	_default	{"has_category":false,"has_content":true,"has_tags":false,"has_summary":false,"has_comments":false,"has_picture":false,"has_template":false,"has_keywords":false,"contents_route_format":"post_of_posttype"}	\N	PostType
2721	_default	{"field_key":"url"}	2337	CustomField
1498	_default	{"has_category":false,"has_content":true,"has_tags":false,"has_summary":false,"has_comments":false,"has_picture":false,"has_template":false,"has_keywords":false,"contents_route_format":"post_of_posttype"}	\N	PostType
848	_default	{"has_category":false,"has_content":true,"has_tags":false,"has_summary":false,"has_comments":false,"has_picture":false,"has_template":false,"has_keywords":false,"contents_route_format":"post_of_posttype"}	\N	PostType
849	_default	{"has_category":false,"has_content":true,"has_tags":false,"has_summary":false,"has_comments":false,"has_picture":false,"has_template":false,"has_keywords":false,"contents_route_format":"post_of_posttype"}	\N	PostType
751	_default	{"has_category":false,"has_content":true,"has_tags":false,"has_summary":false,"has_comments":false,"has_picture":false,"has_template":false,"has_keywords":false,"contents_route_format":"post_of_posttype"}	\N	PostType
464	_default	{"has_category":false,"has_content":true,"has_tags":false,"has_summary":false,"has_comments":false,"has_picture":false,"has_template":false,"has_keywords":false,"contents_route_format":"post_of_posttype"}	\N	PostType
2722	_default	{"has_category":false,"has_content":true,"has_tags":false,"has_summary":false,"has_comments":false,"has_picture":false,"has_template":false,"has_keywords":false,"contents_route_format":"post_of_posttype"}	\N	PostType
366	_default	{"has_category":false,"has_content":true,"has_tags":false,"has_summary":false,"has_comments":false,"has_picture":false,"has_template":false,"has_keywords":false,"contents_route_format":"post_of_posttype"}	\N	PostType
850	_default	{"has_category":false,"has_content":true,"has_tags":false,"has_summary":false,"has_comments":false,"has_picture":false,"has_template":false,"has_keywords":false,"contents_route_format":"post_of_posttype"}	\N	PostType
2724	template	template_services	224	Post
2603	_default	{"has_category":false,"has_content":true,"has_tags":false,"has_summary":false,"has_comments":false,"has_picture":false,"has_template":false,"has_keywords":false,"contents_route_format":"post_of_posttype"}	\N	PostType
851	_default	{"has_category":false,"has_content":true,"has_tags":false,"has_summary":false,"has_comments":false,"has_picture":false,"has_template":false,"has_keywords":false,"contents_route_format":"post_of_posttype"}	\N	PostType
1750	_default	{"has_category":false,"has_content":true,"has_tags":false,"has_summary":false,"has_comments":false,"has_picture":false,"has_template":false,"has_keywords":false,"contents_route_format":"post_of_posttype"}	\N	PostType
289	_default	{"has_category":false,"has_content":true,"has_tags":false,"has_summary":false,"has_comments":false,"has_picture":false,"has_template":false,"has_keywords":false,"contents_route_format":"post_of_posttype"}	\N	PostType
2847	_default	{"field_key":"text_box","translate":true,"default_value":"to help children in Cambodia"}	2442	CustomField
664	_default	{"has_category":false,"has_content":true,"has_tags":false,"has_summary":false,"has_comments":false,"has_picture":false,"has_template":false,"has_keywords":false,"contents_route_format":"post_of_posttype"}	\N	PostType
2253	visits	5	180	Post
1836	_default	{"has_category":false,"has_content":true,"has_tags":false,"has_summary":false,"has_comments":false,"has_picture":false,"has_template":false,"has_keywords":false,"contents_route_format":"post_of_posttype"}	\N	PostType
2537	_default	{"field_key":"editor","default_value":"Copyright \\u0026copy; 2015 - Camaleon CMS. All rights reservated."}	2181	CustomField
455	_default	{"has_category":false,"has_content":true,"has_tags":false,"has_summary":false,"has_comments":false,"has_picture":false,"has_template":false,"has_keywords":false,"contents_route_format":"post_of_posttype"}	\N	PostType
401	_default	{"has_category":false,"has_content":true,"has_tags":false,"has_summary":false,"has_comments":false,"has_picture":false,"has_template":false,"has_keywords":false,"contents_route_format":"post_of_posttype"}	\N	PostType
1504	_default	{"has_category":false,"has_content":true,"has_tags":false,"has_summary":false,"has_comments":false,"has_picture":false,"has_template":false,"has_keywords":false,"contents_route_format":"post_of_posttype"}	\N	PostType
2563	_default	{"has_category":false,"has_content":true,"has_tags":false,"has_summary":false,"has_comments":false,"has_picture":false,"has_template":false,"has_keywords":false,"contents_route_format":"post_of_posttype"}	\N	PostType
2331	slug	second-customer,second-customer	189	Post
2677	visits	39	219	Post
1061	_default	{"has_category":false,"has_content":true,"has_tags":false,"has_summary":false,"has_comments":false,"has_picture":false,"has_template":false,"has_keywords":false,"contents_route_format":"post_of_posttype"}	\N	PostType
2785	_default	{"field_key":"image"}	2383	CustomField
2232	slug	first-q,first-q	164	Post
2786	_default	{"field_key":"video"}	2384	CustomField
2787	_default	{"field_key":"text_box","default_value":"Title","translate":true}	2385	CustomField
2591	_default	{"has_category":false,"has_content":true,"has_tags":false,"has_summary":false,"has_comments":false,"has_picture":false,"has_template":false,"has_keywords":false,"contents_route_format":"post_of_posttype"}	\N	PostType
1541	_default	{"has_category":false,"has_content":true,"has_tags":false,"has_summary":false,"has_comments":false,"has_picture":false,"has_template":false,"has_keywords":false,"contents_route_format":"post_of_posttype"}	\N	PostType
2234	slug	thrid,thrid-a	166	Post
2788	_default	{"field_key":"text_box","default_value":"Oscar Website","translate":true}	2386	CustomField
2789	_default	{"field_key":"text_box","default_value":"Welcome","translate":true}	2387	CustomField
632	_default	{"has_category":false,"has_content":true,"has_tags":false,"has_summary":false,"has_comments":false,"has_picture":false,"has_template":false,"has_keywords":false,"contents_route_format":"post_of_posttype"}	\N	PostType
1547	_default	{"has_category":false,"has_content":true,"has_tags":false,"has_summary":false,"has_comments":false,"has_picture":false,"has_template":false,"has_keywords":false,"contents_route_format":"post_of_posttype"}	\N	PostType
670	_default	{"has_category":false,"has_content":true,"has_tags":false,"has_summary":false,"has_comments":false,"has_picture":false,"has_template":false,"has_keywords":false,"contents_route_format":"post_of_posttype"}	\N	PostType
2795	_default	{"field_key":"text_box","default_value":"Oscar Website","translate":true}	2395	CustomField
671	_default	{"has_category":false,"has_content":true,"has_tags":false,"has_summary":false,"has_comments":false,"has_picture":false,"has_template":false,"has_keywords":false,"contents_route_format":"post_of_posttype"}	\N	PostType
2796	_default	{"field_key":"text_box","default_value":"Website","multiple":true,"translate":true}	2396	CustomField
690	_default	{"has_category":false,"has_content":true,"has_tags":false,"has_summary":false,"has_comments":false,"has_picture":false,"has_template":false,"has_keywords":false,"contents_route_format":"post_of_posttype"}	\N	PostType
2797	_default	{"field_key":"text_box","default_value":"help children in Cambodia","translate":true}	2397	CustomField
2254	visits	5	181	Post
681	_default	{"has_category":false,"has_content":true,"has_tags":false,"has_summary":false,"has_comments":false,"has_picture":false,"has_template":false,"has_keywords":false,"contents_route_format":"post_of_posttype"}	\N	PostType
2798	_default	{"field_key":"text_box","default_value":"We help all children in Camodia","translate":true}	2398	CustomField
2799	_default	{"field_key":"image"}	2399	CustomField
2800	_default	{"field_key":"text_box","default_value":"Strategy"}	2400	CustomField
2801	_default	{"field_key":"image"}	2401	CustomField
2802	_default	{"field_key":"text_box","default_value":"Planning"}	2402	CustomField
2251	slug	thrid-blog-post,thrid-blog-post	181	Post
2803	_default	{"field_key":"image"}	2403	CustomField
2332	slug	third-customer,third-customer	190	Post
2804	_default	{"field_key":"text_box","default_value":"Build"}	2404	CustomField
2805	_default	{"field_key":"image","multiple":true}	2405	CustomField
2806	_default	{"field_key":"text_box","default_value":"Our Work"}	2406	CustomField
2334	slug	five,five	192	Post
2336	slug	seven,seven	194	Post
2807	_default	{"field_key":"text_box","translate":true,"default_value":"Our Customer"}	2408	CustomField
2808	_default	{"field_key":"text_box","translate":true,"default_value":"Happy","multiple":true}	2409	CustomField
713	_default	{"has_category":false,"has_content":true,"has_tags":false,"has_summary":false,"has_comments":false,"has_picture":false,"has_template":false,"has_keywords":false,"contents_route_format":"post_of_posttype"}	\N	PostType
2809	_default	{"field_key":"text_box","translate":true,"default_value":"to help children in Cambodia"}	2410	CustomField
2231	visits	78	162	Post
2356	_default	{"has_category":false,"has_content":true,"has_tags":false,"has_summary":false,"has_comments":false,"has_picture":false,"has_template":false,"has_keywords":false,"contents_route_format":"post_of_posttype"}	\N	PostType
2952	slug	abc,abc	236	Post
2953	template		236	Post
2954	layout		236	Post
2955	thumb		236	Post
2956	_default	{"seo_title":"","keywords":"","seo_description":"","seo_author":"","seo_image":""}	236	Post
743	_default	{"has_category":false,"has_content":true,"has_tags":false,"has_summary":false,"has_comments":false,"has_picture":false,"has_template":false,"has_keywords":false,"contents_route_format":"post_of_posttype"}	\N	PostType
2810	_default	{"field_key":"text_box","translate":true,"default_value":"25,000 customers in 100 countries use Porto Template. Meet our customers."}	2411	CustomField
2335	slug	six,six	193	Post
2460	_default	{"has_category":false,"has_content":true,"has_tags":false,"has_summary":false,"has_comments":false,"has_picture":false,"has_template":false,"has_keywords":false,"contents_route_format":"post_of_posttype"}	303	PostType
1761	_default	{"has_category":false,"has_content":true,"has_tags":false,"has_summary":false,"has_comments":false,"has_picture":false,"has_template":false,"has_keywords":false,"contents_route_format":"post_of_posttype"}	\N	PostType
2461	_default	{"field_key":"image","required":true,"multiple":true}	2106	CustomField
581	_default	{"has_category":false,"has_content":true,"has_tags":false,"has_summary":false,"has_comments":false,"has_picture":false,"has_template":false,"has_keywords":false,"contents_route_format":"post_of_posttype"}	\N	PostType
2462	_default	{"field_key":"text_box","translate":true,"required":true}	2107	CustomField
2252	slug	second-testimonail,second-testimonail	182	Post
2255	slug	second,second	183	Post
2256	_default	{"status_default":"published"}	172	Post
2257	_default	{"status_default":"published"}	183	Post
839	_default	{"has_category":false,"has_content":true,"has_tags":false,"has_summary":false,"has_comments":false,"has_picture":false,"has_template":false,"has_keywords":false,"contents_route_format":"post_of_posttype"}	\N	PostType
2258	slug	first-1,first-1	184	Post
2463	_default	{"field_key":"url","required":true}	2108	CustomField
840	_default	{"has_category":false,"has_content":true,"has_tags":false,"has_summary":false,"has_comments":false,"has_picture":false,"has_template":false,"has_keywords":false,"contents_route_format":"post_of_posttype"}	\N	PostType
2464	_default	{"field_key":"url","required":true}	2109	CustomField
2465	_default	{"field_key":"url","required":true}	2110	CustomField
611	_default	{"has_category":false,"has_content":true,"has_tags":false,"has_summary":false,"has_comments":false,"has_picture":false,"has_template":false,"has_keywords":false,"contents_route_format":"post_of_posttype"}	\N	PostType
2466	_default	{"field_key":"checkbox"}	2112	CustomField
2467	_default	{"field_key":"text_box","translate":true}	2113	CustomField
2468	_default	{"field_key":"numeric"}	2114	CustomField
2469	_default	{"field_key":"text_box","translate":true}	2115	CustomField
2470	_default	{"field_key":"numeric"}	2116	CustomField
2471	_default	{"field_key":"text_box","translate":true}	2117	CustomField
2472	_default	{"field_key":"numeric"}	2118	CustomField
770	_default	{"has_category":false,"has_content":true,"has_tags":false,"has_summary":false,"has_comments":false,"has_picture":false,"has_template":false,"has_keywords":false,"contents_route_format":"post_of_posttype"}	\N	PostType
2473	_default	{"field_key":"text_box","translate":true}	2119	CustomField
2474	_default	{"field_key":"numeric"}	2120	CustomField
2475	_default	{"field_key":"checkbox"}	2122	CustomField
2476	_default	{"field_key":"image"}	2123	CustomField
2292	_default	{"has_category":false,"has_content":true,"has_tags":false,"has_summary":false,"has_comments":false,"has_picture":false,"has_template":false,"has_keywords":false,"contents_route_format":"post_of_posttype"}	\N	PostType
2723	slug	services,services	224	Post
2957	visits	4	236	Post
2725	layout		224	Post
2958	slug	first-feature,first-feature	237	Post
1394	_default	{"has_category":false,"has_content":true,"has_tags":false,"has_summary":false,"has_comments":false,"has_picture":false,"has_template":false,"has_keywords":false,"contents_route_format":"post_of_posttype"}	\N	PostType
1395	_default	{"has_category":false,"has_content":true,"has_tags":false,"has_summary":false,"has_comments":false,"has_picture":false,"has_template":false,"has_keywords":false,"contents_route_format":"post_of_posttype"}	\N	PostType
672	_default	{"has_category":false,"has_content":true,"has_tags":false,"has_summary":false,"has_comments":false,"has_picture":false,"has_template":false,"has_keywords":false,"contents_route_format":"post_of_posttype"}	\N	PostType
673	_default	{"has_category":false,"has_content":true,"has_tags":false,"has_summary":false,"has_comments":false,"has_picture":false,"has_template":false,"has_keywords":false,"contents_route_format":"post_of_posttype"}	\N	PostType
676	_default	{"has_category":false,"has_content":true,"has_tags":false,"has_summary":false,"has_comments":false,"has_picture":false,"has_template":false,"has_keywords":false,"contents_route_format":"post_of_posttype"}	\N	PostType
677	_default	{"has_category":false,"has_content":true,"has_tags":false,"has_summary":false,"has_comments":false,"has_picture":false,"has_template":false,"has_keywords":false,"contents_route_format":"post_of_posttype"}	\N	PostType
685	_default	{"has_category":false,"has_content":true,"has_tags":false,"has_summary":false,"has_comments":false,"has_picture":false,"has_template":false,"has_keywords":false,"contents_route_format":"post_of_posttype"}	\N	PostType
1435	_default	{"has_category":false,"has_content":true,"has_tags":false,"has_summary":false,"has_comments":false,"has_picture":false,"has_template":false,"has_keywords":false,"contents_route_format":"post_of_posttype"}	\N	PostType
926	_default	{"has_category":false,"has_content":true,"has_tags":false,"has_summary":false,"has_comments":false,"has_picture":false,"has_template":false,"has_keywords":false,"contents_route_format":"post_of_posttype"}	\N	PostType
1517	_default	{"has_category":false,"has_content":true,"has_tags":false,"has_summary":false,"has_comments":false,"has_picture":false,"has_template":false,"has_keywords":false,"contents_route_format":"post_of_posttype"}	\N	PostType
1523	_default	{"has_category":false,"has_content":true,"has_tags":false,"has_summary":false,"has_comments":false,"has_picture":false,"has_template":false,"has_keywords":false,"contents_route_format":"post_of_posttype"}	\N	PostType
915	_default	{"has_category":false,"has_content":true,"has_tags":false,"has_summary":false,"has_comments":false,"has_picture":false,"has_template":false,"has_keywords":false,"contents_route_format":"post_of_posttype"}	\N	PostType
2014	_default	{"has_category":false,"has_content":true,"has_tags":false,"has_summary":false,"has_comments":false,"has_picture":false,"has_template":false,"has_keywords":false,"contents_route_format":"post_of_posttype"}	\N	PostType
2726	thumb		224	Post
2477	_default	{"field_key":"text_area","translate":true}	2124	CustomField
1771	_default	{"has_category":false,"has_content":true,"has_tags":false,"has_summary":false,"has_comments":false,"has_picture":false,"has_template":false,"has_keywords":false,"contents_route_format":"post_of_posttype"}	\N	PostType
2478	_default	{"field_key":"text_box"}	2125	CustomField
2479	_default	{"field_key":"text_box","translate":true}	2126	CustomField
2811	_default	{"field_key":"image"}	2413	CustomField
2812	_default	{"has_category":false,"has_content":true,"has_tags":false,"has_summary":false,"has_comments":false,"has_picture":false,"has_template":false,"has_keywords":false,"contents_route_format":"post_of_posttype"}	\N	PostType
2238	slug	first-blog-post,first-blog-post	170	Post
1436	_default	{"has_category":false,"has_content":true,"has_tags":false,"has_summary":false,"has_comments":false,"has_picture":false,"has_template":false,"has_keywords":false,"contents_route_format":"post_of_posttype"}	\N	PostType
593	_default	{"has_category":false,"has_content":true,"has_tags":false,"has_summary":false,"has_comments":false,"has_picture":false,"has_template":false,"has_keywords":false,"contents_route_format":"post_of_posttype"}	\N	PostType
2239	slug	first-testimonail,first-testimonail	171	Post
1555	_default	{"has_category":false,"has_content":true,"has_tags":false,"has_summary":false,"has_comments":false,"has_picture":false,"has_template":false,"has_keywords":false,"contents_route_format":"post_of_posttype"}	\N	PostType
2480	_default	{"field_key":"text_area","translate":true}	2127	CustomField
2481	_default	{"field_key":"text_box","translate":true}	2128	CustomField
2482	_default	{"field_key":"text_box","translate":true}	2129	CustomField
2241	slug	first-score,first-score	173	Post
2483	_default	{"field_key":"text_area","required":true}	2131	CustomField
2484	_default	{"field_key":"image","required":true}	2132	CustomField
1561	_default	{"has_category":false,"has_content":true,"has_tags":false,"has_summary":false,"has_comments":false,"has_picture":false,"has_template":false,"has_keywords":false,"contents_route_format":"post_of_posttype"}	\N	PostType
636	_default	{"has_category":false,"has_content":true,"has_tags":false,"has_summary":false,"has_comments":false,"has_picture":false,"has_template":false,"has_keywords":false,"contents_route_format":"post_of_posttype"}	\N	PostType
542	_default	{"has_category":false,"has_content":true,"has_tags":false,"has_summary":false,"has_comments":false,"has_picture":false,"has_template":false,"has_keywords":false,"contents_route_format":"post_of_posttype"}	\N	PostType
2485	_default	{"field_key":"text_box","translate":true}	2133	CustomField
2244	slug	first-pricing,first-pricing	176	Post
2486	_default	{"field_key":"text_box","translate":true}	2134	CustomField
647	_default	{"has_category":false,"has_content":true,"has_tags":false,"has_summary":false,"has_comments":false,"has_picture":false,"has_template":false,"has_keywords":false,"contents_route_format":"post_of_posttype"}	\N	PostType
2487	_default	{"field_key":"image","required":false}	2135	CustomField
2488	_default	{"field_key":"text_box","translate":true}	2136	CustomField
1737	_default	{"has_category":false,"has_content":true,"has_tags":false,"has_summary":false,"has_comments":false,"has_picture":false,"has_template":false,"has_keywords":false,"contents_route_format":"post_of_posttype"}	\N	PostType
1629	_default	{"has_category":false,"has_content":true,"has_tags":false,"has_summary":false,"has_comments":false,"has_picture":false,"has_template":false,"has_keywords":false,"contents_route_format":"post_of_posttype"}	\N	PostType
2489	_default	{"field_key":"text_box","translate":true}	2137	CustomField
2490	_default	{"field_key":"image"}	2138	CustomField
2727	_default	{"seo_title":"","keywords":"","seo_description":"","seo_author":"","seo_image":""}	224	Post
2379	_default	{"has_category":false,"has_content":true,"has_tags":false,"has_summary":false,"has_comments":false,"has_picture":false,"has_template":false,"has_keywords":false,"contents_route_format":"post_of_posttype"}	\N	PostType
2818	visits	522	233	Post
554	_default	{"has_category":false,"has_content":true,"has_tags":false,"has_summary":false,"has_comments":false,"has_picture":false,"has_template":false,"has_keywords":false,"contents_route_format":"post_of_posttype"}	\N	PostType
1785	_default	{"has_category":false,"has_content":true,"has_tags":false,"has_summary":false,"has_comments":false,"has_picture":false,"has_template":false,"has_keywords":false,"contents_route_format":"post_of_posttype"}	\N	PostType
2848	_default	{"field_key":"text_box","translate":true,"default_value":"25,000 customers in 100 countries use Porto Template. Meet our customers."}	2443	CustomField
2618	_default	{"field_key":"text_box","translate":true}	2266	CustomField
2619	_default	{"field_key":"text_box","translate":true,"default_value":"Technology","multiple":true}	2267	CustomField
2620	_default	{"field_key":"text_box","translate":true,"default_value":"Who We Are"}	2269	CustomField
2621	_default	{"field_key":"text_area","translate":true,"default_value":"About Who We Are Content"}	2270	CustomField
2622	_default	{"field_key":"checkbox"}	2272	CustomField
567	_default	{"has_category":false,"has_content":true,"has_tags":false,"has_summary":false,"has_comments":false,"has_picture":false,"has_template":false,"has_keywords":false,"contents_route_format":"post_of_posttype"}	\N	PostType
858	_default	{"has_category":false,"has_content":true,"has_tags":false,"has_summary":false,"has_comments":false,"has_picture":false,"has_template":false,"has_keywords":false,"contents_route_format":"post_of_posttype"}	\N	PostType
507	_default	{"has_category":false,"has_content":true,"has_tags":false,"has_summary":false,"has_comments":false,"has_picture":false,"has_template":false,"has_keywords":false,"contents_route_format":"post_of_posttype"}	\N	PostType
528	_default	{"has_category":false,"has_content":true,"has_tags":false,"has_summary":false,"has_comments":false,"has_picture":false,"has_template":false,"has_keywords":false,"contents_route_format":"post_of_posttype"}	\N	PostType
2240	slug	first,first	172	Post
2271	_default	{"has_category":false,"has_content":true,"has_tags":false,"has_summary":false,"has_comments":false,"has_picture":false,"has_template":false,"has_keywords":false,"contents_route_format":"post_of_posttype"}	\N	PostType
799	_default	{"has_category":false,"has_content":true,"has_tags":false,"has_summary":false,"has_comments":false,"has_picture":false,"has_template":false,"has_keywords":false,"contents_route_format":"post_of_posttype"}	\N	PostType
2245	slug	first-service,first-service	177	Post
2491	_default	{"field_key":"text_box","translate":true}	2139	CustomField
2492	_default	{"field_key":"text_box","translate":true}	2140	CustomField
2	_post_type_1	{"edit":[2,7,326,271,272,273,274,275,303,277,278,279],"edit_other":[2,7,326,271,272,273,274,275,303,277,278,279],"edit_publish":[2,7,326,271,272,273,274,275,303,277,278,279],"publish":[2,7,326,271,272,273,274,275,303,277,278,279],"delete":[2,7,326,271,272,273,274,275,303,277,278,279],"delete_other":[2,7,326,271,272,273,274,275,303,277,278,279],"delete_publish":[2,7,326,271,272,273,274,275,303,277,278,279],"manage_categories":[2,7,326,271,272,273,274,275,303,277,278,279],"manage_tags":[2,7,326,271,272,273,274,275,303,277,278,279]}	3	UserRole
4	_post_type_1	{"edit":[2,7,23,36,66,68,71,72,74,76,77,79,81,83,85,88,90,92,94,95,96,97,98,101,103,108,126,129,131,133,138,140,146,161,165,167,173,175,178,180,182,185,187,190,192,194,199,218,220,224,226,230,234,236,242,247,250,251,252,253,254,255,256,257,258,259,270,271,272,273,274,275,276,277,278,279,300,303,326],"edit_other":[2,7,23,36,66,68,71,72,74,76,77,79,81,83,85,88,90,92,94,95,96,97,98,101,103,108,126,129,131,133,138,140,146,161,165,167,173,175,178,180,182,185,187,190,192,194,199,218,220,224,226,230,234,236,242,247,250,251,252,253,254,255,256,257,258,259,270,271,272,273,274,275,276,277,278,279,300,303,326],"edit_publish":[2,7,23,36,66,68,71,72,74,76,77,79,81,83,85,88,90,92,94,95,96,97,98,101,103,108,126,129,131,133,138,140,146,161,165,167,173,175,178,180,182,185,187,190,192,194,199,218,220,224,226,230,234,236,242,247,250,251,252,253,254,255,256,257,258,259,270,271,272,273,274,275,276,277,278,279,300,303,326],"publish":[2,7,23,36,66,68,71,72,74,76,77,79,81,83,85,88,90,92,94,95,96,97,98,101,103,108,126,129,131,133,138,140,146,161,165,167,173,175,178,180,182,185,187,190,192,194,199,218,220,224,226,230,234,236,242,247,250,251,252,253,254,255,256,257,258,259,270,271,272,273,274,275,276,277,278,279,300,303,326],"delete":[2,7,23,36,66,68,71,72,74,76,77,79,81,83,85,88,90,92,94,95,96,97,98,101,103,108,126,129,131,133,138,140,146,161,165,167,173,175,178,180,182,185,187,190,192,194,199,218,220,224,226,230,234,236,242,247,250,251,252,253,254,255,256,257,258,259,270,271,272,273,274,275,276,277,278,279,300,303,326],"delete_other":[2,7,23,36,66,68,71,72,74,76,77,79,81,83,85,88,90,92,94,95,96,97,98,101,103,108,126,129,131,133,138,140,146,161,165,167,173,175,178,180,182,185,187,190,192,194,199,218,220,224,226,230,234,236,242,247,250,251,252,253,254,255,256,257,258,259,270,271,272,273,274,275,276,277,278,279,300,303,326],"delete_publish":[2,7,23,36,66,68,71,72,74,76,77,79,81,83,85,88,90,92,94,95,96,97,98,101,103,108,126,129,131,133,138,140,146,161,165,167,173,175,178,180,182,185,187,190,192,194,199,218,220,224,226,230,234,236,242,247,250,251,252,253,254,255,256,257,258,259,270,271,272,273,274,275,276,277,278,279,300,303,326],"manage_categories":[2,7,23,36,66,68,71,72,74,76,77,79,81,83,85,88,90,92,94,95,96,97,98,101,103,108,126,129,131,133,138,140,146,161,165,167,173,175,178,180,182,185,187,190,192,194,199,218,220,224,226,230,234,236,242,247,250,251,252,253,254,255,256,257,258,259,270,271,272,273,274,275,276,277,278,279,300,303,326],"manage_tags":[2,7,23,36,66,68,71,72,74,76,77,79,81,83,85,88,90,92,94,95,96,97,98,101,103,108,126,129,131,133,138,140,146,161,165,167,173,175,178,180,182,185,187,190,192,194,199,218,220,224,226,230,234,236,242,247,250,251,252,253,254,255,256,257,258,259,270,271,272,273,274,275,276,277,278,279,300,303,326]}	4	UserRole
977	_default	{"has_category":false,"has_content":true,"has_tags":false,"has_summary":false,"has_comments":false,"has_picture":false,"has_template":false,"has_keywords":false,"contents_route_format":"post_of_posttype"}	\N	PostType
2694	_default	{"field_key":"text_box"}	2309	CustomField
908	_default	{"has_category":false,"has_content":true,"has_tags":false,"has_summary":false,"has_comments":false,"has_picture":false,"has_template":false,"has_keywords":false,"contents_route_format":"post_of_posttype"}	\N	PostType
2695	_default	{"field_key":"url"}	2310	CustomField
2813	slug	home,home	233	Post
993	_default	{"has_category":false,"has_content":true,"has_tags":false,"has_summary":false,"has_comments":false,"has_picture":false,"has_template":false,"has_keywords":false,"contents_route_format":"post_of_posttype"}	\N	PostType
1198	_default	{"has_category":false,"has_content":true,"has_tags":false,"has_summary":false,"has_comments":false,"has_picture":false,"has_template":false,"has_keywords":false,"contents_route_format":"post_of_posttype"}	\N	PostType
2730	slug	second-service-seckjico-kweld-hello-cssw-scct,sf	226	Post
2731	slug	second-service-seckjico-kweld-hello-cssw-scct,sf	227	Post
2732	slug	hello-worlda,hello-world	228	Post
2814	template	template_home	233	Post
2402	_default	{"has_category":false,"has_content":true,"has_tags":false,"has_summary":false,"has_comments":false,"has_picture":false,"has_template":false,"has_keywords":false,"contents_route_format":"post_of_posttype"}	\N	PostType
948	_default	{"has_category":false,"has_content":true,"has_tags":false,"has_summary":false,"has_comments":false,"has_picture":false,"has_template":false,"has_keywords":false,"contents_route_format":"post_of_posttype"}	\N	PostType
2815	layout		233	Post
1010	_default	{"has_category":false,"has_content":true,"has_tags":false,"has_summary":false,"has_comments":false,"has_picture":false,"has_template":false,"has_keywords":false,"contents_route_format":"post_of_posttype"}	\N	PostType
846	_default	{"has_category":false,"has_content":true,"has_tags":false,"has_summary":false,"has_comments":false,"has_picture":false,"has_template":false,"has_keywords":false,"contents_route_format":"post_of_posttype"}	\N	PostType
847	_default	{"has_category":false,"has_content":true,"has_tags":false,"has_summary":false,"has_comments":false,"has_picture":false,"has_template":false,"has_keywords":false,"contents_route_format":"post_of_posttype"}	\N	PostType
2493	_default	{"field_key":"image"}	2141	CustomField
2494	_default	{"field_key":"text_box","translate":true}	2142	CustomField
2495	_default	{"field_key":"text_box","translate":true}	2143	CustomField
2496	_default	{"has_category":false,"has_content":true,"has_tags":false,"has_summary":false,"has_comments":false,"has_picture":false,"has_template":false,"has_keywords":false,"contents_route_format":"post_of_posttype"}	\N	PostType
866	_default	{"has_category":false,"has_content":true,"has_tags":false,"has_summary":false,"has_comments":false,"has_picture":false,"has_template":false,"has_keywords":false,"contents_route_format":"post_of_posttype"}	\N	PostType
873	_default	{"has_category":false,"has_content":true,"has_tags":false,"has_summary":false,"has_comments":false,"has_picture":false,"has_template":false,"has_keywords":false,"contents_route_format":"post_of_posttype"}	\N	PostType
881	_default	{"has_category":false,"has_content":true,"has_tags":false,"has_summary":false,"has_comments":false,"has_picture":false,"has_template":false,"has_keywords":false,"contents_route_format":"post_of_posttype"}	\N	PostType
889	_default	{"has_category":false,"has_content":true,"has_tags":false,"has_summary":false,"has_comments":false,"has_picture":false,"has_template":false,"has_keywords":false,"contents_route_format":"post_of_posttype"}	\N	PostType
1581	_default	{"has_category":false,"has_content":true,"has_tags":false,"has_summary":false,"has_comments":false,"has_picture":false,"has_template":false,"has_keywords":false,"contents_route_format":"post_of_posttype"}	\N	PostType
1582	_default	{"has_category":false,"has_content":true,"has_tags":false,"has_summary":false,"has_comments":false,"has_picture":false,"has_template":false,"has_keywords":false,"contents_route_format":"post_of_posttype"}	\N	PostType
940	_default	{"has_category":false,"has_content":true,"has_tags":false,"has_summary":false,"has_comments":false,"has_picture":false,"has_template":false,"has_keywords":false,"contents_route_format":"post_of_posttype"}	\N	PostType
941	_default	{"has_category":false,"has_content":true,"has_tags":false,"has_summary":false,"has_comments":false,"has_picture":false,"has_template":false,"has_keywords":false,"contents_route_format":"post_of_posttype"}	\N	PostType
2074	_default	{"field_key":"url","required":false}	1790	CustomField
1153	_default	{"has_category":false,"has_content":true,"has_tags":false,"has_summary":false,"has_comments":false,"has_picture":false,"has_template":false,"has_keywords":false,"contents_route_format":"post_of_posttype"}	\N	PostType
957	_default	{"has_category":false,"has_content":true,"has_tags":false,"has_summary":false,"has_comments":false,"has_picture":false,"has_template":false,"has_keywords":false,"contents_route_format":"post_of_posttype"}	\N	PostType
2075	_default	{"field_key":"url"}	1791	CustomField
2076	_default	{"field_key":"url"}	1792	CustomField
2696	_default	{"has_category":false,"has_content":true,"has_tags":false,"has_summary":false,"has_comments":false,"has_picture":false,"has_template":false,"has_keywords":false,"contents_route_format":"post_of_posttype"}	\N	PostType
2816	thumb		233	Post
1672	_default	{"has_category":false,"has_content":true,"has_tags":false,"has_summary":false,"has_comments":false,"has_picture":false,"has_template":false,"has_keywords":false,"contents_route_format":"post_of_posttype"}	\N	PostType
2817	_default	{"seo_title":"","keywords":"","seo_description":"","seo_author":"","seo_image":""}	233	Post
2849	_default	{"field_key":"image"}	2445	CustomField
1296	_default	{"has_category":false,"has_content":true,"has_tags":false,"has_summary":false,"has_comments":false,"has_picture":false,"has_template":false,"has_keywords":false,"contents_route_format":"post_of_posttype"}	\N	PostType
1297	_default	{"has_category":false,"has_content":true,"has_tags":false,"has_summary":false,"has_comments":false,"has_picture":false,"has_template":false,"has_keywords":false,"contents_route_format":"post_of_posttype"}	\N	PostType
2850	_default	{"field_key":"text_box","translate":true,"default_value":"Features"}	2447	CustomField
2851	_default	{"has_category":false,"has_content":true,"has_tags":false,"has_summary":false,"has_comments":false,"has_picture":false,"has_template":false,"has_keywords":false,"contents_route_format":"post_of_posttype"}	\N	PostType
2674	visits	67	216	Post
2728	visits	110	224	Post
2959	visits	74	221	Post
2866	_default	{"has_category":false,"has_content":true,"has_tags":false,"has_summary":false,"has_comments":false,"has_picture":false,"has_template":false,"has_keywords":false,"contents_route_format":"post_of_posttype"}	\N	PostType
1798	_default	{"has_category":false,"has_content":true,"has_tags":false,"has_summary":false,"has_comments":false,"has_picture":false,"has_template":false,"has_keywords":false,"contents_route_format":"post_of_posttype"}	\N	PostType
1851	_default	{"has_category":false,"has_content":true,"has_tags":false,"has_summary":false,"has_comments":false,"has_picture":false,"has_template":false,"has_keywords":false,"contents_route_format":"post_of_posttype"}	\N	PostType
2873	_default	{"field_key":"text_box","translate":true,"default_value":"Services"}	2475	CustomField
2874	_default	{"has_category":false,"has_content":true,"has_tags":false,"has_summary":false,"has_comments":false,"has_picture":false,"has_template":false,"has_keywords":false,"contents_route_format":"post_of_posttype"}	\N	PostType
2733	slug	first-testimonail,first-testimonail	229	Post
2881	_default	{"field_key":"text_box","translate":true,"default_value":"Frequently Asked Questions"}	2485	CustomField
2882	_default	{"has_category":false,"has_content":true,"has_tags":false,"has_summary":false,"has_comments":false,"has_picture":false,"has_template":false,"has_keywords":false,"contents_route_format":"post_of_posttype"}	\N	PostType
2890	_default	{"has_category":false,"has_content":true,"has_tags":false,"has_summary":false,"has_comments":false,"has_picture":false,"has_template":false,"has_keywords":false,"contents_route_format":"post_of_posttype"}	\N	PostType
2897	_default	{"has_category":false,"has_content":true,"has_tags":false,"has_summary":false,"has_comments":false,"has_picture":false,"has_template":false,"has_keywords":false,"contents_route_format":"post_of_posttype"}	\N	PostType
2904	_default	{"has_category":false,"has_content":true,"has_tags":false,"has_summary":false,"has_comments":false,"has_picture":false,"has_template":false,"has_keywords":false,"contents_route_format":"post_of_posttype"}	\N	PostType
2911	_default	{"has_category":false,"has_content":true,"has_tags":false,"has_summary":false,"has_comments":false,"has_picture":false,"has_template":false,"has_keywords":false,"contents_route_format":"post_of_posttype"}	\N	PostType
2946	slug	contact-us,contact-us	235	Post
2948	layout		235	Post
2949	thumb		235	Post
2950	_default	{"seo_title":"","keywords":"","seo_description":"","seo_author":"","seo_image":""}	235	Post
2947	template	template_contact_us	235	Post
2968	_default	{"has_category":false,"has_content":true,"has_tags":false,"has_summary":false,"has_comments":false,"has_picture":false,"has_template":false,"has_keywords":false,"contents_route_format":"post_of_posttype"}	\N	PostType
2975	_default	{"field_key":"text_box","label_eval":"","panel_hidden":"","default_value":"The fastest way to grow your business with the leader in","multiple":"0","required":"0","translate":"0"}	2580	CustomField
2976	_default	{"field_key":"text_box","label_eval":"","panel_hidden":"","default_value":"Technology","multiple":"0","required":"0","translate":"1"}	2581	CustomField
2977	_default	{"field_key":"text_box","label_eval":"","panel_hidden":"","default_value":"Check out our options and features included.","multiple":"0","required":"0","translate":"1"}	2582	CustomField
1017	_default	{"has_category":false,"has_content":true,"has_tags":false,"has_summary":false,"has_comments":false,"has_picture":false,"has_template":false,"has_keywords":false,"contents_route_format":"post_of_posttype"}	\N	PostType
965	_default	{"has_category":false,"has_content":true,"has_tags":false,"has_summary":false,"has_comments":false,"has_picture":false,"has_template":false,"has_keywords":false,"contents_route_format":"post_of_posttype"}	\N	PostType
2819	slug	home,home	234	Post
43	cama_media_cache	{"/":{"files":{"parallax-2.jpg":{"name":"parallax-2.jpg","key":"/parallax-2.jpg","url":"http://localhost:3000/media/1/parallax-2.jpg","is_folder":false,"size":17981.0,"format":"image","deleteUrl":"","thumb":"http://localhost:3000/media/1/thumb/parallax-2-jpg.jpg","type":"","created_at":"2017-11-30T14:05:56.000+07:00","dimension":"1920x1005"},"map.png":{"name":"map.png","key":"/map.png","url":"http://localhost:3000/media/1/map.png","is_folder":false,"size":313441.0,"format":"image","deleteUrl":"","thumb":"http://localhost:3000/media/1/thumb/map-png.png","type":"","created_at":"2017-11-27T11:13:30.000+07:00","dimension":"952x502"},"people.png":{"name":"people.png","key":"/people.png","url":"http://localhost:3000/media/1/people.png","is_folder":false,"size":54009.0,"format":"image","deleteUrl":"","thumb":"http://localhost:3000/media/1/thumb/people-png.png","type":"","created_at":"2017-11-24T10:48:27.000+07:00","dimension":"649x659"},"light.mp4":{"name":"light.mp4","key":"/light.mp4","url":"http://localhost:3000/media/1/light.mp4","is_folder":false,"size":6696446.0,"format":"video","deleteUrl":"","thumb":"","type":"","created_at":"2017-11-24T09:33:18.000+07:00","dimension":""},"light-cover.jpg":{"name":"light-cover.jpg","key":"/light-cover.jpg","url":"http://localhost:3000/media/1/light-cover.jpg","is_folder":false,"size":260280.0,"format":"image","deleteUrl":"","thumb":"http://localhost:3000/media/1/thumb/light-cover-jpg.jpg","type":"","created_at":"2017-11-23T14:43:33.000+07:00","dimension":"1920x1080"},"OSCaR_logo_last_final_art_AI.png":{"name":"OSCaR_logo_last_final_art_AI.png","key":"/OSCaR_logo_last_final_art_AI.png","url":"http://localhost:3000/media/1/OSCaR_logo_last_final_art_AI.png","is_folder":false,"size":278034.0,"format":"image","deleteUrl":"","thumb":"http://localhost:3000/media/1/thumb/oscar_logo_last_final_art_ai-png.png","type":"","created_at":"2017-11-22T12:00:42.000+07:00","dimension":"8723x2838"},"O_icon_last_final_AI.png":{"name":"O_icon_last_final_AI.png","key":"/O_icon_last_final_AI.png","url":"http://localhost:3000/media/1/O_icon_last_final_AI.png","is_folder":false,"size":60824.0,"format":"image","deleteUrl":"","thumb":"http://localhost:3000/media/1/thumb/o_icon_last_final_ai-png.png","type":"","created_at":"2017-11-22T12:00:01.000+07:00","dimension":"2217x2102"},"22831248_1607473275979443_369713086_o.jpg":{"name":"22831248_1607473275979443_369713086_o.jpg","key":"/22831248_1607473275979443_369713086_o.jpg","url":"http://localhost:3000/media/1/22831248_1607473275979443_369713086_o.jpg","is_folder":false,"size":284888.0,"format":"image","deleteUrl":"","thumb":"http://localhost:3000/media/1/thumb/22831248_1607473275979443_369713086_o-jpg.jpg","type":"","created_at":"2017-11-20T14:12:54.000+07:00","dimension":"2048x1536"},"00100dPORTRAIT_00100_BURST20171029170528045_COVER.jpg":{"name":"00100dPORTRAIT_00100_BURST20171029170528045_COVER.jpg","key":"/00100dPORTRAIT_00100_BURST20171029170528045_COVER.jpg","url":"http://localhost:3000/media/1/00100dPORTRAIT_00100_BURST20171029170528045_COVER.jpg","is_folder":false,"size":2641781.0,"format":"image","deleteUrl":"","thumb":"http://localhost:3000/media/1/thumb/00100dportrait_00100_burst20171029170528045_cover-jpg.jpg","type":"","created_at":"2017-11-20T14:05:07.000+07:00","dimension":"4032x3024"},"dark.mp4":{"name":"dark.mp4","key":"/dark.mp4","url":"http://localhost:3000/media/1/dark.mp4","is_folder":false,"size":5974052.0,"format":"video","deleteUrl":"","thumb":"","type":"","created_at":"2017-12-01T15:28:59.000+07:00","dimension":""}},"folders":{}}}	1	Site
2820	template	template_home	234	Post
1105	_default	{"has_category":false,"has_content":true,"has_tags":false,"has_summary":false,"has_comments":false,"has_picture":false,"has_template":false,"has_keywords":false,"contents_route_format":"post_of_posttype"}	\N	PostType
2821	layout		234	Post
2822	thumb		234	Post
2120	_default	{"has_category":false,"has_content":true,"has_tags":false,"has_summary":false,"has_comments":false,"has_picture":false,"has_template":false,"has_keywords":false,"contents_route_format":"post_of_posttype"}	271	PostType
2121	_default	{"field_key":"image","required":true}	1852	CustomField
2498	slug	first-person,first-person	203	Post
2122	_default	{"has_category":false,"has_content":true,"has_tags":false,"has_summary":false,"has_comments":false,"has_picture":false,"has_template":false,"has_keywords":false,"contents_route_format":"post_of_posttype"}	272	PostType
2123	_default	{"field_key":"image","required":true,"multiple":true}	1854	CustomField
2124	_default	{"field_key":"date","required":true}	1855	CustomField
2125	_default	{"field_key":"text_box","required":true}	1856	CustomField
2126	_default	{"field_key":"text_box","required":true,"multiple":true}	1857	CustomField
2704	_default	{"has_category":false,"has_content":true,"has_tags":false,"has_summary":false,"has_comments":false,"has_picture":false,"has_template":false,"has_keywords":false,"contents_route_format":"post_of_posttype"}	\N	PostType
1471	_default	{"has_category":false,"has_content":true,"has_tags":false,"has_summary":false,"has_comments":false,"has_picture":false,"has_template":false,"has_keywords":false,"contents_route_format":"post_of_posttype"}	\N	PostType
1472	_default	{"has_category":false,"has_content":true,"has_tags":false,"has_summary":false,"has_comments":false,"has_picture":false,"has_template":false,"has_keywords":false,"contents_route_format":"post_of_posttype"}	\N	PostType
2673	visits	74	215	Post
2623	_default	{"field_key":"text_box","translate":true}	2274	CustomField
2624	_default	{"field_key":"text_box","translate":true}	2275	CustomField
2625	_default	{"field_key":"text_box","translate":true}	2276	CustomField
2626	_default	{"field_key":"url"}	2277	CustomField
2627	_default	{"field_key":"video","required":true}	2279	CustomField
2628	_default	{"field_key":"image","required":true}	2281	CustomField
2544	_default	{"has_category":false,"has_content":true,"has_tags":false,"has_summary":false,"has_comments":false,"has_picture":false,"has_template":false,"has_keywords":false,"contents_route_format":"post_of_posttype"}	\N	PostType
2551	_default	{"has_category":false,"has_content":true,"has_tags":false,"has_summary":false,"has_comments":false,"has_picture":false,"has_template":false,"has_keywords":false,"contents_route_format":"post_of_posttype"}	\N	PostType
2313	_default	{"has_category":false,"has_content":true,"has_tags":false,"has_summary":false,"has_comments":false,"has_picture":false,"has_template":false,"has_keywords":false,"contents_route_format":"post_of_posttype"}	\N	PostType
2499	visits	59	203	Post
2247	visits	19	170	Post
2951	visits	19	235	Post
2858	_default	{"field_key":"text_box","translate":true,"default_value":"Pricing"}	2457	CustomField
2634	_default	{"field_key":"checkbox"}	2291	CustomField
2859	_default	{"has_category":false,"has_content":true,"has_tags":false,"has_summary":false,"has_comments":false,"has_picture":false,"has_template":false,"has_keywords":false,"contents_route_format":"post_of_posttype"}	\N	PostType
2320	slug	second-1,second-1	188	Post
1484	_default	{"has_category":false,"has_content":true,"has_tags":false,"has_summary":false,"has_comments":false,"has_picture":false,"has_template":false,"has_keywords":false,"contents_route_format":"post_of_posttype"}	\N	PostType
1485	_default	{"has_category":false,"has_content":true,"has_tags":false,"has_summary":false,"has_comments":false,"has_picture":false,"has_template":false,"has_keywords":false,"contents_route_format":"post_of_posttype"}	\N	PostType
1336	_default	{"has_category":false,"has_content":true,"has_tags":false,"has_summary":false,"has_comments":false,"has_picture":false,"has_template":false,"has_keywords":false,"contents_route_format":"post_of_posttype"}	\N	PostType
1337	_default	{"has_category":false,"has_content":true,"has_tags":false,"has_summary":false,"has_comments":false,"has_picture":false,"has_template":false,"has_keywords":false,"contents_route_format":"post_of_posttype"}	\N	PostType
16	_default	{"_theme":"oscar_website","date_notified":"2018-01-18","save_intro":true,"logo":"http://localhost:3000/media/1/OSCaR_logo_last_final_art_AI.png","icon":"http://localhost:3000/media/1/O_icon_last_final_AI.png","home_page":233,"error_404":"","page_maintenance":213,"maintenance_ips":"","page_inactive":213,"front_per_page":10,"admin_per_page":10,"comment_status":"pending","permit_anonimos_comment":"","permit_create_account":"","security_captcha_user_register":"","need_validate_email":"","custom_fields_show_shortcodes":"","seo_description":"","keywords":"","seo_author":"","twitter_card":"","screenshot":"","email_from":"","email_cc":"","mailer_enabled":0,"filesystem_type":"local","filesystem_max_size":100,"filesystem_thumb_size":"100x100","file_actions_in_modals":"no","_admin_theme":"en","refresh_cache":false}	1	Site
1256	_default	{"has_category":false,"has_content":true,"has_tags":false,"has_summary":false,"has_comments":false,"has_picture":false,"has_template":false,"has_keywords":false,"contents_route_format":"post_of_posttype"}	\N	PostType
2135	_default	{"has_category":false,"has_content":true,"has_tags":false,"has_summary":false,"has_comments":false,"has_picture":false,"has_template":false,"has_keywords":false,"contents_route_format":"post_of_posttype"}	275	PostType
1258	_default	{"has_category":false,"has_content":true,"has_tags":false,"has_summary":false,"has_comments":false,"has_picture":false,"has_template":false,"has_keywords":false,"contents_route_format":"post_of_posttype"}	\N	PostType
2136	_default	{"field_key":"numeric","required":true}	1867	CustomField
2500	slug	first-person,first-person	204	Post
2127	_default	{"has_category":false,"has_content":true,"has_tags":false,"has_summary":false,"has_comments":false,"has_picture":false,"has_template":false,"has_keywords":false,"contents_route_format":"post_of_posttype"}	273	PostType
2128	_default	{"field_key":"image","required":true}	1859	CustomField
2129	_default	{"field_key":"text_box","required":true}	1860	CustomField
2130	_default	{"field_key":"text_box","required":true}	1861	CustomField
1278	_default	{"has_category":false,"has_content":true,"has_tags":false,"has_summary":false,"has_comments":false,"has_picture":false,"has_template":false,"has_keywords":false,"contents_route_format":"post_of_posttype"}	\N	PostType
2248	slug	first-customer,first-customer	178	Post
2131	_default	{"has_category":false,"has_content":true,"has_tags":false,"has_summary":false,"has_comments":false,"has_picture":false,"has_template":false,"has_keywords":false,"contents_route_format":"post_of_posttype"}	274	PostType
2132	_default	{"field_key":"numeric","required":true}	1863	CustomField
2133	_default	{"field_key":"text_box","required":false}	1864	CustomField
1344	_default	{"has_category":false,"has_content":true,"has_tags":false,"has_summary":false,"has_comments":false,"has_picture":false,"has_template":false,"has_keywords":false,"contents_route_format":"post_of_posttype"}	\N	PostType
1345	_default	{"has_category":false,"has_content":true,"has_tags":false,"has_summary":false,"has_comments":false,"has_picture":false,"has_template":false,"has_keywords":false,"contents_route_format":"post_of_posttype"}	\N	PostType
2635	_default	{"has_category":false,"has_content":true,"has_tags":false,"has_summary":false,"has_comments":false,"has_picture":false,"has_template":false,"has_keywords":false,"contents_route_format":"post_of_posttype"}	\N	PostType
2134	_default	{"field_key":"text_box","required":true}	1865	CustomField
2501	_default	{"draft_status":"draft_child"}	204	Post
5	_post_type_1	{"edit":[2,7,23,36,66,68,71,72,74,76,77,79,81,83,85,88,90,92,94,95,96,97,98,101,103,108,126,129,131,133,138,140,146,161,165,167,173,175,178,180,182,185,187,190,192,194,199,218,220,224,226,230,234,236,242,247,250,251,252,253,254,255,256,257,258,259,270,271,272,273,274,275,276,277,278,279,300,303,326]}	5	UserRole
2823	_default	{"field_key":"image"}	2415	CustomField
2824	_default	{"field_key":"video"}	2416	CustomField
2825	_default	{"field_key":"text_box","default_value":"Title","translate":true}	2417	CustomField
2826	_default	{"field_key":"text_box","default_value":"Oscar Website","translate":true}	2418	CustomField
2827	_default	{"field_key":"text_box","default_value":"Welcome","translate":true}	2419	CustomField
1597	_default	{"has_category":false,"has_content":true,"has_tags":false,"has_summary":false,"has_comments":false,"has_picture":false,"has_template":false,"has_keywords":false,"contents_route_format":"post_of_posttype"}	\N	PostType
1815	_default	{"has_category":false,"has_content":true,"has_tags":false,"has_summary":false,"has_comments":false,"has_picture":false,"has_template":false,"has_keywords":false,"contents_route_format":"post_of_posttype"}	\N	PostType
2449	_default	{"has_category":false,"has_content":true,"has_tags":false,"has_summary":false,"has_comments":false,"has_picture":false,"has_template":false,"has_keywords":false,"contents_route_format":"post_of_posttype"}	\N	PostType
2636	slug	about,about	213	Post
14	attack_config	{"get":{"sec":20,"max":10},"post":{"sec":20,"max":5},"msg":"Requests Limit exceeded!","ban":5,"cleared":"2018-01-19 10:27:10 +0700"}	1	Site
1265	_default	{"has_category":false,"has_content":true,"has_tags":false,"has_summary":false,"has_comments":false,"has_picture":false,"has_template":false,"has_keywords":false,"contents_route_format":"post_of_posttype"}	\N	PostType
1824	_default	{"has_category":false,"has_content":true,"has_tags":false,"has_summary":false,"has_comments":false,"has_picture":false,"has_template":false,"has_keywords":false,"contents_route_format":"post_of_posttype"}	\N	PostType
1267	_default	{"has_category":false,"has_content":true,"has_tags":false,"has_summary":false,"has_comments":false,"has_picture":false,"has_template":false,"has_keywords":false,"contents_route_format":"post_of_posttype"}	\N	PostType
1268	_default	{"has_category":false,"has_content":true,"has_tags":false,"has_summary":false,"has_comments":false,"has_picture":false,"has_template":false,"has_keywords":false,"contents_route_format":"post_of_posttype"}	\N	PostType
1269	_default	{"has_category":false,"has_content":true,"has_tags":false,"has_summary":false,"has_comments":false,"has_picture":false,"has_template":false,"has_keywords":false,"contents_route_format":"post_of_posttype"}	\N	PostType
2637	template	template_about	213	Post
2672	visits	238	214	Post
2638	layout		213	Post
2639	thumb		213	Post
2640	_default	{"seo_title":"","keywords":"","seo_description":"","seo_author":"","seo_image":""}	213	Post
1317	_default	{"has_category":false,"has_content":true,"has_tags":false,"has_summary":false,"has_comments":false,"has_picture":false,"has_template":false,"has_keywords":false,"contents_route_format":"post_of_posttype"}	\N	PostType
1318	_default	{"has_category":false,"has_content":true,"has_tags":false,"has_summary":false,"has_comments":false,"has_picture":false,"has_template":false,"has_keywords":false,"contents_route_format":"post_of_posttype"}	\N	PostType
2524	_default	{"has_category":false,"has_content":true,"has_tags":false,"has_summary":false,"has_comments":false,"has_picture":false,"has_template":false,"has_keywords":false,"contents_route_format":"post_of_posttype"}	\N	PostType
2651	slug	testimonials,testimonials	216	Post
2171	_default	{"has_category":false,"has_content":true,"has_tags":false,"has_summary":false,"has_comments":false,"has_picture":false,"has_template":false,"has_keywords":false,"contents_route_format":"post_of_posttype"}	277	PostType
2172	_default	{"field_key":"text_box","required":true}	1906	CustomField
1358	_default	{"has_category":false,"has_content":true,"has_tags":false,"has_summary":false,"has_comments":false,"has_picture":false,"has_template":false,"has_keywords":false,"contents_route_format":"post_of_posttype"}	\N	PostType
1359	_default	{"has_category":false,"has_content":true,"has_tags":false,"has_summary":false,"has_comments":false,"has_picture":false,"has_template":false,"has_keywords":false,"contents_route_format":"post_of_posttype"}	\N	PostType
2173	_default	{"has_category":false,"has_content":true,"has_tags":false,"has_summary":false,"has_comments":false,"has_picture":false,"has_template":false,"has_keywords":false,"contents_route_format":"post_of_posttype"}	278	PostType
2174	_default	{"field_key":"numeric","required":true}	1908	CustomField
1618	_default	{"has_category":false,"has_content":true,"has_tags":false,"has_summary":false,"has_comments":false,"has_picture":false,"has_template":false,"has_keywords":false,"contents_route_format":"post_of_posttype"}	\N	PostType
2175	_default	{"field_key":"text_box","required":true,"multiple":true}	1909	CustomField
2176	_default	{"field_key":"checkbox"}	1910	CustomField
2652	template	template_testimonials	216	Post
2653	layout		216	Post
2654	thumb		216	Post
2655	_default	{"seo_title":"","keywords":"","seo_description":"","seo_author":"","seo_image":""}	216	Post
2772	_default	{"has_category":false,"has_content":true,"has_tags":false,"has_summary":false,"has_comments":false,"has_picture":false,"has_template":false,"has_keywords":false,"contents_route_format":"post_of_posttype"}	\N	PostType
2833	_default	{"field_key":"text_box","default_value":"Oscar Website","translate":true}	2427	CustomField
2834	_default	{"field_key":"text_box","default_value":"Website","multiple":true,"translate":true}	2428	CustomField
2835	_default	{"field_key":"text_box","default_value":"help children in Cambodia","translate":true}	2429	CustomField
2836	_default	{"field_key":"text_box","default_value":"We help all children in Camodia","translate":true}	2430	CustomField
2918	_default	{"has_category":false,"has_content":true,"has_tags":false,"has_summary":false,"has_comments":false,"has_picture":false,"has_template":false,"has_keywords":false,"contents_route_format":"post_of_posttype"}	\N	PostType
2925	_default	{"has_category":false,"has_content":true,"has_tags":false,"has_summary":false,"has_comments":false,"has_picture":false,"has_template":false,"has_keywords":false,"contents_route_format":"post_of_posttype"}	\N	PostType
2932	_default	{"has_category":false,"has_content":true,"has_tags":false,"has_summary":false,"has_comments":false,"has_picture":false,"has_template":false,"has_keywords":false,"contents_route_format":"post_of_posttype"}	\N	PostType
2939	_default	{"field_key":"text_box","translate":true,"default_value":"Monday - Friday - 9am to 5pm","multiple":true}	2553	CustomField
2940	_default	{"field_key":"url"}	2555	CustomField
2941	_default	{"field_key":"text_box","translate":true,"default_value":"Phnom Penh"}	2557	CustomField
2942	_default	{"field_key":"phone","default_value":"010123456"}	2558	CustomField
2943	_default	{"field_key":"email","default_value":"someone@example.come"}	2559	CustomField
2944	_default	{"field_key":"text_box","translate":true,"default_value":"Contact Us"}	2561	CustomField
2945	_default	{"has_category":false,"has_content":true,"has_tags":false,"has_summary":false,"has_comments":false,"has_picture":false,"has_template":false,"has_keywords":false,"contents_route_format":"post_of_posttype"}	\N	PostType
2693	_default	{"has_category":false,"has_content":true,"has_tags":false,"has_summary":false,"has_comments":false,"has_picture":false,"has_template":false,"has_keywords":false,"contents_route_format":"post_of_posttype","icon":"","has_layout":false,"default_layout":"","default_template":"","has_single_category":false,"has_featured":false,"has_seo":false,"has_parent_structure":false,"default_thumb":""}	326	PostType
2641	slug	features-set,features	214	Post
2980	_default	{"has_category":false,"has_content":true,"has_tags":false,"has_summary":false,"has_comments":false,"has_picture":false,"has_template":false,"has_keywords":false,"contents_route_format":"post_of_posttype"}	\N	PostType
2978	_default	{"field_key":"text_box","label_eval":"","panel_hidden":"","default_value":"Get Start Now","multiple":"0","required":"0","translate":"0"}	2583	CustomField
2979	_default	{"field_key":"url","label_eval":"","panel_hidden":"","default_value":"https://www.google.com.kh/","multiple":"0","required":"0","translate":"0"}	2584	CustomField
2981	_default	{"caption":"Page: Home"}	2579	CustomFieldGroup
\.


--
-- Data for Name: cama_posts; Type: TABLE DATA; Schema: public; Owner: postgres
--

COPY cama_posts (id, title, slug, content, content_filtered, status, published_at, post_parent, visibility, visibility_value, post_class, created_at, updated_at, user_id, post_order, taxonomy_id, is_feature) FROM stdin;
1	Sample Post	sample-post	<p>Lorem ipsum dolor sit amet, consectetur adipiscing elit. Integer pharetra ut augue in posuere. Nulla non malesuada dui. Sed egestas tortor ut purus tempor sodales. Duis non sollicitudin nulla, quis mollis neque. Integer sit amet augue ac neque varius auctor. Vestibulum malesuada leo leo, at semper libero efficitur nec. Etiam semper nisi ac nisi ullamcorper, sed tincidunt purus elementum. Mauris ac congue nibh. Quisque pretium eget leo nec suscipit. </p> <p> Vestibulum ultrices orci ut congue interdum. Morbi dolor nunc, imperdiet vel risus semper, tempor dapibus urna. Phasellus luctus pharetra enim quis volutpat. Integer tristique urna nec malesuada ullamcorper. Curabitur dictum, lectus id ultrices rhoncus, ante neque auctor erat, ut sodales nisi odio sit amet lorem. In hac habitasse platea dictumst. Quisque orci orci, hendrerit at luctus tristique, lobortis in diam. Curabitur ligula enim, rhoncus ut vestibulum a, consequat sit amet nisi. Aliquam bibendum fringilla ultrices. Aliquam erat volutpat. Vestibulum ante ipsum primis in faucibus orci luctus et ultrices posuere cubilia Curae; In justo mi, congue in rhoncus lobortis, facilisis in est. Nam et rhoncus purus. </p> <p> Sed sagittis auctor lectus at rutrum. Morbi ultricies felis mi, ut scelerisque augue facilisis eu. In molestie quam ex. Quisque ut sapien sed odio tempus imperdiet. In id accumsan massa. Morbi quis nunc ullamcorper, interdum enim eu, finibus purus. Vestibulum ac fermentum augue, at tempus ante. Aliquam ultrices, purus ut porttitor gravida, dui augue dignissim massa, ac tempor ante dolor at arcu. Pellentesque habitant morbi tristique senectus et netus et malesuada fames ac turpis egestas. Suspendisse placerat risus est, eget varius mi ultricies in. Duis non odio ut felis dapibus eleifend. In fringilla enim lobortis placerat efficitur. </p> <p> Nulla sodales faucibus urna, quis viverra dolor facilisis sollicitudin. Aenean ac egestas nibh. Nam non tortor eget nibh scelerisque fermentum. Etiam ornare, nunc ut luctus mollis, ante dolor consectetur augue, non scelerisque odio est a nulla. Nullam cursus egestas nulla, nec commodo nibh suscipit ut. Mauris ut felis sem. Aenean at mi at nisi dictum blandit sit amet at erat. Etiam eget lobortis tellus. Curabitur in commodo arcu, at vehicula tortor. </p>	Lorem ipsum dolor sit amet, consectetur adipiscing elit. Integer pharetra ut augue in posuere. Nulla non malesuada dui. Sed egestas tortor ut purus tempor sodales. Duis non sollicitudin nulla, quis mollis neque. Integer sit amet augue ac neque varius auctor. Vestibulum malesuada leo leo, at semper libero efficitur nec. Etiam semper nisi ac nisi ullamcorper, sed tincidunt purus elementum. Mauris ac congue nibh. Quisque pretium eget leo nec suscipit.   Vestibulum ultrices orci ut congue interdum. Morbi dolor nunc, imperdiet vel risus semper, tempor dapibus urna. Phasellus luctus pharetra enim quis volutpat. Integer tristique urna nec malesuada ullamcorper. Curabitur dictum, lectus id ultrices rhoncus, ante neque auctor erat, ut sodales nisi odio sit amet lorem. In hac habitasse platea dictumst. Quisque orci orci, hendrerit at luctus tristique, lobortis in diam. Curabitur ligula enim, rhoncus ut vestibulum a, consequat sit amet nisi. Aliquam bibendum fringilla ultrices. Aliquam erat volutpat. Vestibulum ante ipsum primis in faucibus orci luctus et ultrices posuere cubilia Curae; In justo mi, congue in rhoncus lobortis, facilisis in est. Nam et rhoncus purus.   Sed sagittis auctor lectus at rutrum. Morbi ultricies felis mi, ut scelerisque augue facilisis eu. In molestie quam ex. Quisque ut sapien sed odio tempus imperdiet. In id accumsan massa. Morbi quis nunc ullamcorper, interdum enim eu, finibus purus. Vestibulum ac fermentum augue, at tempus ante. Aliquam ultrices, purus ut porttitor gravida, dui augue dignissim massa, ac tempor ante dolor at arcu. Pellentesque habitant morbi tristique senectus et netus et malesuada fames ac turpis egestas. Suspendisse placerat risus est, eget varius mi ultricies in. Duis non odio ut felis dapibus eleifend. In fringilla enim lobortis placerat efficitur.   Nulla sodales faucibus urna, quis viverra dolor facilisis sollicitudin. Aenean ac egestas nibh. Nam non tortor eget nibh scelerisque fermentum. Etiam ornare, nunc ut luctus mollis, ante dolor consectetur augue, non scelerisque odio est a nulla. Nullam cursus egestas nulla, nec commodo nibh suscipit ut. Mauris ut felis sem. Aenean at mi at nisi dictum blandit sit amet at erat. Etiam eget lobortis tellus. Curabitur in commodo arcu, at vehicula tortor. 	published	\N	\N	public	\N	Post	2017-11-20 06:47:50.82406	2017-11-20 06:47:50.82406	1	1	2	f
3	My testing post	my-testing-post	<p>This is my testing post.</p>	This is my testing post.	published	\N	\N	public	\N	Post	2017-11-20 07:01:01.857943	2017-11-20 07:01:01.857943	1	2	2	f
229	<!--:en-->first testimonail<!--:--><!--:km-->first testimonail<!--:-->	<!--:en-->first-testimonail<!--:--><!--:km-->first-testimonail<!--:-->	<!--:en--><p>first testimonail content</p>\r\n<ul>\r\n<li>sfsdfs</li>\r\n<li>sdfsdfsdf</li>\r\n<li>sdfsdf</li>\r\n</ul><!--:--><!--:km--><!--:-->	<!--:en-->first testimonail content  sfsdfs sdfsdfsdf sdfsdf <!--:--><!--:km--><!--:-->	draft_child	\N	171	public	\N	Post	2018-01-12 07:40:24.793956	2018-01-12 07:40:24.793956	1	3	273	f
171	<!--:en-->first testimonail<!--:--><!--:km-->first testimonail<!--:-->	<!--:en-->first-testimonail<!--:--><!--:km-->first-testimonail<!--:-->	<!--:en--><p>first testimonail content</p>\r\n<ul>\r\n<li>sfsdfs</li>\r\n<li>sdfsdfsdf</li>\r\n<li>sdfsdf</li>\r\n</ul>\r\n<p></p><!--:--><!--:km--><!--:-->	<!--:en-->first testimonail content  sfsdfs sdfsdfsdf sdfsdf  <!--:--><!--:km--><!--:-->	published	\N	\N	public	\N	Post	2017-12-18 02:46:59.627827	2018-01-12 07:44:33.241264	1	1	273	f
234	Home	<!--:en-->home<!--:--><!--:km-->home<!--:-->	<!--:en--><p>lorem_ipsum</p><!--:--><!--:km--><p>lorem_ipsum</p><!--:-->	<!--:en-->lorem_ipsum<!--:--><!--:km-->lorem_ipsum<!--:-->	draft_child	\N	233	public	\N	Post	2018-01-17 02:49:31.539606	2018-01-17 02:49:31.539606	1	11	7	f
237	<!--:en-->first feature<!--:--><!--:km-->first feature<!--:-->	<!--:en-->first-feature<!--:--><!--:km-->first-feature<!--:-->	<!--:en--><p>first feature content</p><!--:--><!--:km--><!--:-->	<!--:en-->first feature content<!--:--><!--:km--><!--:-->	draft_child	\N	221	public	\N	Post	2018-01-17 08:18:13.224204	2018-01-17 08:18:13.224204	1	2	326	f
162	FAQ	<!--:en-->faq<!--:--><!--:km-->faq<!--:-->	<!--:en--><p>lorem_ipsum</p><!--:--><!--:km--><p>lorem_ipsum</p><!--:-->	<!--:en-->lorem_ipsum<!--:--><!--:km-->lorem_ipsum<!--:-->	published	\N	\N	public	\N	Post	2017-12-15 09:48:30.828727	2017-12-15 09:52:20.446833	\N	8	7	f
165	<!--:en-->second q<!--:--><!--:km-->second q<!--:-->	<!--:en-->second-q<!--:--><!--:km-->second-q<!--:-->	<!--:en--><p>second a</p><!--:--><!--:km--><!--:-->	<!--:en-->second a<!--:--><!--:km--><!--:-->	published	\N	\N	public	\N	Post	2017-12-15 09:54:21.449814	2017-12-15 09:54:21.449814	1	2	279	f
173	<!--:en-->first score<!--:--><!--:km-->first score<!--:-->	<!--:en-->first-score<!--:--><!--:km-->first-score<!--:-->	<!--:en--><p>first score content</p><!--:--><!--:km--><!--:-->	<!--:en-->first score content<!--:--><!--:km--><!--:-->	published	\N	\N	public	\N	Post	2017-12-18 02:48:50.519198	2017-12-18 02:48:50.519198	1	1	274	f
176	<!--:en-->first pricing<!--:--><!--:km-->first pricing<!--:-->	<!--:en-->first-pricing<!--:--><!--:km-->first-pricing<!--:-->	<!--:en--><p>first pricing content</p><!--:--><!--:km--><!--:-->	<!--:en-->first pricing content<!--:--><!--:km--><!--:-->	published	\N	\N	public	\N	Post	2017-12-18 02:52:59.129749	2017-12-18 02:52:59.129749	1	1	278	f
178	<!--:en-->first customer<!--:--><!--:km-->first customer<!--:-->	<!--:en-->first-customer<!--:--><!--:km-->first-customer<!--:-->	<!--:en--><p>first customer content</p><!--:--><!--:km--><!--:-->	<!--:en-->first customer content<!--:--><!--:km--><!--:-->	published	\N	\N	public	\N	Post	2017-12-18 07:44:55.675429	2017-12-18 07:44:55.675429	1	1	271	f
179	<!--:en-->second pricing<!--:--><!--:km-->second pricing<!--:-->	<!--:en-->second-pricing<!--:--><!--:km-->second-pricing<!--:-->	<!--:en--><p>second pricing content</p><!--:--><!--:km--><!--:-->	<!--:en-->second pricing content<!--:--><!--:km--><!--:-->	published	\N	\N	public	\N	Post	2017-12-18 09:13:16.675813	2017-12-18 09:13:16.675813	1	2	278	f
183	<!--:en-->second<!--:--><!--:km-->second<!--:-->	<!--:en-->second<!--:--><!--:km-->second<!--:-->	<!--:en--><p>hello</p><!--:--><!--:km--><!--:-->	<!--:en-->hello<!--:--><!--:km--><!--:-->	trash	\N	\N	public	\N	Post	2017-12-19 03:26:56.224812	2017-12-19 03:26:56.224812	1	2	275	f
184	<!--:en-->first<!--:--><!--:km-->first<!--:-->	<!--:en-->first-1<!--:--><!--:km-->first-1<!--:-->	<!--:en--><p>first content</p><!--:--><!--:km--><!--:-->	<!--:en-->first content<!--:--><!--:km--><!--:-->	published	\N	\N	public	\N	Post	2017-12-19 03:32:46.364134	2017-12-19 03:32:46.364134	1	3	275	f
204	<!--:en-->first person<!--:--><!--:km-->first person<!--:-->	<!--:en-->first-person<!--:--><!--:km-->first-person<!--:-->	<!--:en--><p>first person content</p><!--:--><!--:km--><!--:-->	<!--:en-->first person content<!--:--><!--:km--><!--:-->	draft_child	\N	203	public	\N	Post	2018-01-10 04:28:29.808704	2018-01-10 04:28:29.808704	1	2	303	f
10	Sample Post	sample-post	<p>Lorem ipsum dolor sit amet, consectetur adipiscing elit. Integer pharetra ut augue in posuere. Nulla non malesuada dui. Sed egestas tortor ut purus tempor sodales. Duis non sollicitudin nulla, quis mollis neque. Integer sit amet augue ac neque varius auctor. Vestibulum malesuada leo leo, at semper libero efficitur nec. Etiam semper nisi ac nisi ullamcorper, sed tincidunt purus elementum. Mauris ac congue nibh. Quisque pretium eget leo nec suscipit. </p> <p> Vestibulum ultrices orci ut congue interdum. Morbi dolor nunc, imperdiet vel risus semper, tempor dapibus urna. Phasellus luctus pharetra enim quis volutpat. Integer tristique urna nec malesuada ullamcorper. Curabitur dictum, lectus id ultrices rhoncus, ante neque auctor erat, ut sodales nisi odio sit amet lorem. In hac habitasse platea dictumst. Quisque orci orci, hendrerit at luctus tristique, lobortis in diam. Curabitur ligula enim, rhoncus ut vestibulum a, consequat sit amet nisi. Aliquam bibendum fringilla ultrices. Aliquam erat volutpat. Vestibulum ante ipsum primis in faucibus orci luctus et ultrices posuere cubilia Curae; In justo mi, congue in rhoncus lobortis, facilisis in est. Nam et rhoncus purus. </p> <p> Sed sagittis auctor lectus at rutrum. Morbi ultricies felis mi, ut scelerisque augue facilisis eu. In molestie quam ex. Quisque ut sapien sed odio tempus imperdiet. In id accumsan massa. Morbi quis nunc ullamcorper, interdum enim eu, finibus purus. Vestibulum ac fermentum augue, at tempus ante. Aliquam ultrices, purus ut porttitor gravida, dui augue dignissim massa, ac tempor ante dolor at arcu. Pellentesque habitant morbi tristique senectus et netus et malesuada fames ac turpis egestas. Suspendisse placerat risus est, eget varius mi ultricies in. Duis non odio ut felis dapibus eleifend. In fringilla enim lobortis placerat efficitur. </p> <p> Nulla sodales faucibus urna, quis viverra dolor facilisis sollicitudin. Aenean ac egestas nibh. Nam non tortor eget nibh scelerisque fermentum. Etiam ornare, nunc ut luctus mollis, ante dolor consectetur augue, non scelerisque odio est a nulla. Nullam cursus egestas nulla, nec commodo nibh suscipit ut. Mauris ut felis sem. Aenean at mi at nisi dictum blandit sit amet at erat. Etiam eget lobortis tellus. Curabitur in commodo arcu, at vehicula tortor. </p>	Lorem ipsum dolor sit amet, consectetur adipiscing elit. Integer pharetra ut augue in posuere. Nulla non malesuada dui. Sed egestas tortor ut purus tempor sodales. Duis non sollicitudin nulla, quis mollis neque. Integer sit amet augue ac neque varius auctor. Vestibulum malesuada leo leo, at semper libero efficitur nec. Etiam semper nisi ac nisi ullamcorper, sed tincidunt purus elementum. Mauris ac congue nibh. Quisque pretium eget leo nec suscipit.   Vestibulum ultrices orci ut congue interdum. Morbi dolor nunc, imperdiet vel risus semper, tempor dapibus urna. Phasellus luctus pharetra enim quis volutpat. Integer tristique urna nec malesuada ullamcorper. Curabitur dictum, lectus id ultrices rhoncus, ante neque auctor erat, ut sodales nisi odio sit amet lorem. In hac habitasse platea dictumst. Quisque orci orci, hendrerit at luctus tristique, lobortis in diam. Curabitur ligula enim, rhoncus ut vestibulum a, consequat sit amet nisi. Aliquam bibendum fringilla ultrices. Aliquam erat volutpat. Vestibulum ante ipsum primis in faucibus orci luctus et ultrices posuere cubilia Curae; In justo mi, congue in rhoncus lobortis, facilisis in est. Nam et rhoncus purus.   Sed sagittis auctor lectus at rutrum. Morbi ultricies felis mi, ut scelerisque augue facilisis eu. In molestie quam ex. Quisque ut sapien sed odio tempus imperdiet. In id accumsan massa. Morbi quis nunc ullamcorper, interdum enim eu, finibus purus. Vestibulum ac fermentum augue, at tempus ante. Aliquam ultrices, purus ut porttitor gravida, dui augue dignissim massa, ac tempor ante dolor at arcu. Pellentesque habitant morbi tristique senectus et netus et malesuada fames ac turpis egestas. Suspendisse placerat risus est, eget varius mi ultricies in. Duis non odio ut felis dapibus eleifend. In fringilla enim lobortis placerat efficitur.   Nulla sodales faucibus urna, quis viverra dolor facilisis sollicitudin. Aenean ac egestas nibh. Nam non tortor eget nibh scelerisque fermentum. Etiam ornare, nunc ut luctus mollis, ante dolor consectetur augue, non scelerisque odio est a nulla. Nullam cursus egestas nulla, nec commodo nibh suscipit ut. Mauris ut felis sem. Aenean at mi at nisi dictum blandit sit amet at erat. Etiam eget lobortis tellus. Curabitur in commodo arcu, at vehicula tortor. 	published	\N	\N	public	\N	Post	2017-11-20 08:58:57.483949	2017-11-20 08:58:57.483949	1	1	39	f
11	Welcome	welcome	<p style='text-align: center;'><img width='155' height='155' src='http://camaleon.tuzitio.com/media/132/logo2.png' alt='logo' /></p><p><strong>Camaleon CMS</strong>&nbsp;is a free and open-source tool and a fexible content management system (CMS) based on <a href='http://rubyonrails.org'>Ruby on Rails 4</a>&nbsp;and MySQL.&nbsp;</p> <p>With Camaleon you can do the following:</p> <ul> <li>Create instantly a lot of sites&nbsp;in the same installation</li> <li>Manage your content information in several languages</li> <li>Extend current functionality by&nbsp;plugins (MVC structure and no more echo or prints anywhere)</li> <li>Create or install different themes for each site</li> <li>Create your own structure without coding anything (adapt Camaleon as you want&nbsp;and not you for Camaleon)</li> <li>Create your store and start to sell your products using our plugins</li> <li>Avoid web attacks</li> <li>Compare the speed and enjoy the speed of your new Camaleon site</li> <li>Customize or create your themes for mobile support</li> <li>Support&nbsp;more visitors at the same time</li> <li>Manage your information with a panel like wordpress&nbsp;</li> <li>All urls are oriented for SEO</li> <li>Multiples roles of users</li> </ul>	Camaleon CMS is a free and open-source tool and a fexible content management system (CMS) based on Ruby on Rails 4 and MySQL.  With Camaleon you can do the following:  Create instantly a lot of sites in the same installation Manage your content information in several languages Extend current functionality by plugins (MVC structure and no more echo or prints anywhere) Create or install different themes for each site Create your own structure without coding anything (adapt Camaleon as you want and not you for Camaleon) Create your store and start to sell your products using our plugins Avoid web attacks Compare the speed and enjoy the speed of your new Camaleon site Customize or create your themes for mobile support Support more visitors at the same time Manage your information with a panel like wordpress  All urls are oriented for SEO Multiples roles of users 	published	\N	\N	public	\N	Post	2017-11-20 08:58:57.523806	2017-11-20 08:58:57.523806	1	1	41	f
164	<!--:en-->first q<!--:--><!--:km-->first q<!--:-->	<!--:en-->first-q<!--:--><!--:km-->first-q<!--:-->	<!--:en--><p>first a</p><!--:--><!--:km--><!--:-->	<!--:en-->first a<!--:--><!--:km--><!--:-->	published	\N	\N	public	\N	Post	2017-12-15 09:54:02.762805	2017-12-15 09:54:02.762805	1	1	279	f
166	<!--:en-->thrid a<!--:--><!--:km-->thrid a<!--:-->	<!--:en-->thrid<!--:--><!--:km-->thrid-a<!--:-->	<!--:en--><p>thrid a</p><!--:--><!--:km--><!--:-->	<!--:en-->thrid a<!--:--><!--:km--><!--:-->	published	\N	\N	public	\N	Post	2017-12-15 09:54:58.650486	2017-12-15 09:54:58.650486	1	3	279	f
170	<!--:en-->first blog post<!--:--><!--:km-->first blog post<!--:-->	<!--:en-->first-blog-post<!--:--><!--:km-->first-blog-post<!--:-->	<!--:en--><p>first blog post content&nbsp;first blog post contentfirst blog post content&nbsp;first blog post contentfirst blog post content&nbsp;first blog post content&nbsp;first blog post content&nbsp;first blog post contentfirst blog post content&nbsp;first blog post content&nbsp;first blog post content&nbsp;first blog post content&nbsp;first blog post content&nbsp;first blog post content&nbsp;first blog post content&nbsp;first blog post content&nbsp;first blog post content&nbsp;first blog post content&nbsp;first blog post content&nbsp;first blog post content&nbsp;first blog post content&nbsp;first blog post content&nbsp;&nbsp;</p><!--:--><!--:km--><!--:-->	<!--:en-->first blog post content first blog post contentfirst blog post content first blog post contentfirst blog post content first blog post content first blog post content first blog post contentfirst blog post content first blog post content first blog post content first blog post content first blog post content first blog post content first blog post content first blog post content first blog post content first blog post content first blog post content first blog post content first blog post content first blog post content  <!--:--><!--:km--><!--:-->	published	\N	\N	public	\N	Post	2017-12-18 02:45:58.594196	2017-12-18 09:19:52.46448	1	1	272	f
180	<!--:en-->second blog post<!--:--><!--:km-->second blog post<!--:-->	<!--:en-->second-blog-post<!--:--><!--:km-->second-blog-post<!--:-->	<!--:en--><p>second blog post conent&nbsp;second blog post conent&nbsp;second blog post conent&nbsp;second blog post conent&nbsp;second blog post conent&nbsp;second blog post conent&nbsp;second blog post conent&nbsp;second blog post conent&nbsp;second blog post conent&nbsp;second blog post conent&nbsp;second blog post conent&nbsp;second blog post conent&nbsp;second blog post conent&nbsp;second blog post conent&nbsp;second blog post conent&nbsp;second blog post conent&nbsp;second blog post conent&nbsp;second blog post conent&nbsp;second blog post conent&nbsp;second blog post conent&nbsp;second blog post conent&nbsp;second blog post conent&nbsp;second blog post conent&nbsp;second blog post conent&nbsp;second blog post conent&nbsp;second blog post conent&nbsp;</p><!--:--><!--:km--><!--:-->	<!--:en-->second blog post conent second blog post conent second blog post conent second blog post conent second blog post conent second blog post conent second blog post conent second blog post conent second blog post conent second blog post conent second blog post conent second blog post conent second blog post conent second blog post conent second blog post conent second blog post conent second blog post conent second blog post conent second blog post conent second blog post conent second blog post conent second blog post conent second blog post conent second blog post conent second blog post conent second blog post conent <!--:--><!--:km--><!--:-->	published	\N	\N	public	\N	Post	2017-12-18 09:20:37.723648	2017-12-18 09:20:37.723648	1	2	272	f
172	<!--:en-->first<!--:--><!--:km-->first<!--:-->	<!--:en-->first<!--:--><!--:km-->first<!--:-->	<!--:en--><p>first content</p><!--:--><!--:km--><!--:-->	<!--:en-->first content<!--:--><!--:km--><!--:-->	trash	\N	\N	public	\N	Post	2017-12-18 02:47:58.003908	2017-12-18 02:47:58.003908	1	1	275	f
188	<!--:en-->second<!--:--><!--:km-->second<!--:-->	<!--:en-->second-1<!--:--><!--:km-->second-1<!--:-->	<!--:en--><p>second content</p><!--:--><!--:km--><!--:-->	<!--:en-->second content<!--:--><!--:km--><!--:-->	published	\N	\N	public	\N	Post	2017-12-19 04:07:59.205572	2017-12-19 04:07:59.205572	1	4	275	f
181	<!--:en-->thrid blog post<!--:--><!--:km-->thrid blog post<!--:-->	<!--:en-->thrid-blog-post<!--:--><!--:km-->thrid-blog-post<!--:-->	<!--:en--><p>thrid blog post content&nbsp;thrid blog post content&nbsp;thrid blog post content&nbsp;thrid blog post content&nbsp;thrid blog post content&nbsp;thrid blog post content&nbsp;thrid blog post content&nbsp;thrid blog post content&nbsp;thrid blog post content&nbsp;thrid blog post content&nbsp;thrid blog post content&nbsp;thrid blog post content&nbsp;thrid blog post content&nbsp;thrid blog post content&nbsp;thrid blog post content&nbsp;thrid blog post content&nbsp;thrid blog post content&nbsp;thrid blog post content&nbsp;thrid blog post content&nbsp;thrid blog post content&nbsp;thrid blog post content&nbsp;thrid blog post content&nbsp;thrid blog post content&nbsp;thrid blog post content&nbsp;thrid blog post content&nbsp;thrid blog post content&nbsp;thrid blog post content&nbsp;</p><!--:--><!--:km--><!--:-->	<!--:en-->thrid blog post content thrid blog post content thrid blog post content thrid blog post content thrid blog post content thrid blog post content thrid blog post content thrid blog post content thrid blog post content thrid blog post content thrid blog post content thrid blog post content thrid blog post content thrid blog post content thrid blog post content thrid blog post content thrid blog post content thrid blog post content thrid blog post content thrid blog post content thrid blog post content thrid blog post content thrid blog post content thrid blog post content thrid blog post content thrid blog post content thrid blog post content <!--:--><!--:km--><!--:-->	published	\N	\N	public	\N	Post	2017-12-18 09:29:44.299089	2017-12-18 09:29:44.299089	1	3	272	f
203	<!--:en-->first person<!--:--><!--:km-->first person<!--:-->	<!--:en-->first-person<!--:--><!--:km-->first-person<!--:-->	<!--:en--><p>first person content</p><!--:--><!--:km--><!--:-->	<!--:en-->first person content<!--:--><!--:km--><!--:-->	published	\N	\N	public	\N	Post	2018-01-10 04:17:18.053227	2018-01-10 04:17:18.053227	1	1	303	f
227	<!--:en-->sdfsesdsdfsljksldkfjsdklfjsdkfjwekjsfksjflksdjfksjfslkfjslfjsldkfjslfskdjfeiosdkfsj;lakjdfakdjfa;ldkfjadfkjalfkja;dlfkajdflkajdfkadjfsdklfjaskfjadlfkjasdflkajdflkadjfalkdfjalskdfjsldkfjasdlkfjadflkajsdfklajdfkalsdfjakldfjakldsfjakldfj<!--:--><!--:km-->sf<!--:-->	<!--:en-->second-service-seckjico-kweld-hello-cssw-scct<!--:--><!--:km-->sf<!--:-->	<!--:en--><p>sdfsesdsdfsljksldkfjsdklfjsdkfjwekjsfksjflksdjfksjfslkfjslfjsldkfjslfskdjfeiosdkfsj;lakjdfakdjfa;ldkfjadfkjalfkja;dlfkajdflkajdfkadjfsdklfjaskfjadlfkjasdflkajdflkadjfalkdfjalskdfjsldkfjasdlkfjadflkajsdfklajdfkalsdfjakldfjakldsfjakldfj</p><!--:--><!--:km--><!--:-->	<!--:en-->sdfsesdsdfsljksldkfjsdklfjsdkfjwekjsfksjflksdjfksjfslkfjslfjsldkfjslfskdjfeiosdkfsj;lakjdfakdjfa;ldkfjadfkjalfkja;dlfkajdflkajdfkadjfsdklfjaskfjadlfkjasdflkajdflkadjfalkdfjalskdfjsldkfjasdlkfjadflkajsdfklajdfkalsdfjakldfjakldsfjakldfj<!--:--><!--:km--><!--:-->	draft_child	\N	226	public	\N	Post	2018-01-12 02:44:15.984473	2018-01-12 02:44:15.984473	1	3	277	f
233	Home	<!--:en-->home<!--:--><!--:km-->home<!--:-->	<!--:en--><p>lorem_ipsum</p><!--:--><!--:km--><p>lorem_ipsum</p><!--:-->	<!--:en-->lorem_ipsum<!--:--><!--:km-->lorem_ipsum<!--:-->	published	\N	\N	public	\N	Post	2018-01-15 09:36:10.522699	2018-01-15 09:36:28.479654	\N	10	7	f
215	<!--:en-->Pricingvs<!--:--><!--:km-->Pricing<!--:-->	<!--:en-->pricing<!--:--><!--:km-->pricing<!--:-->	<!--:en--><p>lorem_ipsum</p><!--:--><!--:km--><p>lorem_ipsum</p><!--:-->	<!--:en-->lorem_ipsum<!--:--><!--:km-->lorem_ipsum<!--:-->	published	\N	\N	public	\N	Post	2018-01-10 07:36:42.894534	2018-01-17 02:26:23.50223	\N	5	7	f
214	<!--:en-->Features<!--:--><!--:km-->Features<!--:-->	<!--:en-->features-set<!--:--><!--:km-->features<!--:-->	<!--:en--><p>lorem_ipsum</p><!--:--><!--:km--><p>lorem_ipsum</p><!--:-->	<!--:en-->lorem_ipsum<!--:--><!--:km-->lorem_ipsum<!--:-->	published	\N	\N	public	\N	Post	2018-01-10 07:36:42.883698	2018-01-17 09:10:15.07343	\N	4	7	f
216	Testimonials	<!--:en-->testimonials<!--:--><!--:km-->testimonials<!--:-->	<!--:en--><p>lorem_ipsum</p><!--:--><!--:km--><p>lorem_ipsum</p><!--:-->	<!--:en-->lorem_ipsum<!--:--><!--:km-->lorem_ipsum<!--:-->	published	\N	\N	public	\N	Post	2018-01-10 07:36:42.905292	2018-01-10 07:37:50.280241	\N	6	7	f
219	Blog	<!--:en-->blog<!--:--><!--:km-->blog<!--:-->	<!--:en--><p>lorem_ipsum</p><!--:--><!--:km--><p>lorem_ipsum</p><!--:-->	<!--:en-->lorem_ipsum<!--:--><!--:km-->lorem_ipsum<!--:-->	published	\N	\N	public	\N	Post	2018-01-10 07:36:42.941671	2018-01-10 07:38:42.464157	\N	9	7	f
189	<!--:en-->second customer<!--:--><!--:km-->second customer<!--:-->	<!--:en-->second-customer<!--:--><!--:km-->second-customer<!--:-->	<!--:en--><p>second customer</p><!--:--><!--:km--><!--:-->	<!--:en-->second customer<!--:--><!--:km--><!--:-->	published	\N	\N	public	\N	Post	2018-01-09 06:35:22.933382	2018-01-09 06:35:22.933382	1	2	271	f
190	<!--:en-->third customer<!--:--><!--:km-->third customer<!--:-->	<!--:en-->third-customer<!--:--><!--:km-->third-customer<!--:-->	<!--:en--><p>third customer</p><!--:--><!--:km--><!--:-->	<!--:en-->third customer<!--:--><!--:km--><!--:-->	published	\N	\N	public	\N	Post	2018-01-09 06:36:10.42576	2018-01-09 06:36:10.42576	1	3	271	f
191	<!--:en-->four<!--:--><!--:km-->four<!--:-->	<!--:en-->four<!--:--><!--:km-->four<!--:-->	<!--:en--><p>four</p><!--:--><!--:km--><!--:-->	<!--:en-->four<!--:--><!--:km--><!--:-->	published	\N	\N	public	\N	Post	2018-01-09 06:38:07.503719	2018-01-09 06:38:07.503719	1	4	271	f
192	<!--:en-->five<!--:--><!--:km-->five<!--:-->	<!--:en-->five<!--:--><!--:km-->five<!--:-->	<!--:en--><p>five</p><!--:--><!--:km--><!--:-->	<!--:en-->five<!--:--><!--:km--><!--:-->	published	\N	\N	public	\N	Post	2018-01-09 06:38:24.092149	2018-01-09 06:38:24.092149	1	5	271	f
193	<!--:en-->six<!--:--><!--:km-->six<!--:-->	<!--:en-->six<!--:--><!--:km-->six<!--:-->	<!--:en--><p>six</p><!--:--><!--:km--><!--:-->	<!--:en-->six<!--:--><!--:km--><!--:-->	published	\N	\N	public	\N	Post	2018-01-09 06:38:39.64597	2018-01-09 06:38:39.64597	1	6	271	f
194	<!--:en-->seven<!--:--><!--:km-->seven<!--:-->	<!--:en-->seven<!--:--><!--:km-->seven<!--:-->	<!--:en--><p>seven</p><!--:--><!--:km--><!--:-->	<!--:en-->seven<!--:--><!--:km--><!--:-->	published	\N	\N	public	\N	Post	2018-01-09 06:39:07.746763	2018-01-09 06:39:07.746763	1	7	271	f
182	<!--:en-->second testimonail<!--:--><!--:km-->second testimonail<!--:-->	<!--:en-->second-testimonail<!--:--><!--:km-->second-testimonail<!--:-->	<!--:en--><p>second testimonail content</p>\r\n<p>second testimonail content</p>\r\n<p>second testimonail content</p>\r\n<p>second testimonail content</p>\r\n<p>second testimonail content</p>\r\n<p>second testimonail content</p>\r\n<p>second testimonail content</p>\r\n<p>second testimonail content</p>\r\n<p>second testimonail content</p>\r\n<p>second testimonail content</p><!--:--><!--:km--><!--:-->	<!--:en-->second testimonail content second testimonail content second testimonail content second testimonail content second testimonail content second testimonail content second testimonail content second testimonail content second testimonail content second testimonail content<!--:--><!--:km--><!--:-->	published	\N	\N	public	\N	Post	2017-12-18 09:31:14.189479	2018-01-09 06:44:52.463361	1	2	273	f
226	<!--:en-->ROLLOUT WITH MINOR CUSTOMISATIONS<!--:--><!--:km-->sf<!--:-->	<!--:en-->second-service-seckjico-kweld-hello-cssw-scct<!--:--><!--:km-->sf<!--:-->	<!--:en--><p><span>We will create a new instance of the OSCaR system for your organisation, and help you with an import of your existing client information. And if there are a few changes you need made for localisation or display, we can support that too.</span></p><!--:--><!--:km--><!--:-->	<!--:en-->We will create a new instance of the OSCaR system for your organisation, and help you with an import of your existing client information. And if there are a few changes you need made for localisation or display, we can support that too.<!--:--><!--:km--><!--:-->	published	\N	\N	public	\N	Post	2018-01-12 02:41:52.98939	2018-01-12 03:25:09.140371	1	2	277	f
177	<!--:en-->INITIAL TRAINING AND SET-UP SUPPORT<!--:--><!--:km-->INITIAL TRAINING AND SET-UP SUPPORT<!--:-->	<!--:en-->first-service<!--:--><!--:km-->first-service<!--:-->	<!--:en--><p><span>Once you&rsquo;re online with OSCaR, our staff can meet with your management in order to help set up custom programming as needed, and explain the full OSCaR feature set to a few key contacts. We can also provide support with training social work staff in the system, walking them through the toolset and explaining general usage.</span></p><!--:--><!--:km--><!--:-->	<!--:en-->Once you’re online with OSCaR, our staff can meet with your management in order to help set up custom programming as needed, and explain the full OSCaR feature set to a few key contacts. We can also provide support with training social work staff in the system, walking them through the toolset and explaining general usage.<!--:--><!--:km--><!--:-->	published	\N	\N	public	\N	Post	2017-12-18 02:53:53.677521	2018-01-12 03:24:51.465889	1	1	277	f
224	Services	<!--:en-->services<!--:--><!--:km-->services<!--:-->	<!--:en--><p>lorem_ipsum</p><!--:--><!--:km--><p>lorem_ipsum</p><!--:-->	<!--:en-->lorem_ipsum<!--:--><!--:km-->lorem_ipsum<!--:-->	published	\N	\N	public	\N	Post	2018-01-11 09:13:49.24826	2018-01-11 09:14:30.265744	\N	10	7	f
221	<!--:en-->first feature<!--:--><!--:km-->first feature<!--:-->	<!--:en-->first-feature<!--:--><!--:km-->first-feature<!--:-->	<!--:en--><p>first feature content&nbsp;first feature content&nbsp;first feature content&nbsp;first feature content&nbsp;first feature content&nbsp;first feature content&nbsp;first feature content&nbsp;first feature content&nbsp;first feature content&nbsp;</p>\r\n<p>first feature content&nbsp;first feature content&nbsp;first feature content&nbsp;first feature content&nbsp;first feature content&nbsp;first feature content&nbsp;first feature content&nbsp;first feature content&nbsp;first feature content</p><!--:--><!--:km--><!--:-->	<!--:en-->first feature content first feature content first feature content first feature content first feature content first feature content first feature content first feature content first feature content  first feature content first feature content first feature content first feature content first feature content first feature content first feature content first feature content first feature content<!--:--><!--:km--><!--:-->	published	\N	\N	public	\N	Post	2018-01-11 02:32:26.84872	2018-01-17 08:18:49.73478	1	1	326	f
228	<!--:en-->hello world hello world<!--:--><!--:km-->hello world<!--:-->	<!--:en-->hello-worlda<!--:--><!--:km-->hello-world<!--:-->	<!--:en--><p>hello world content hello world&nbsp;</p>\r\n<p>hello world content hello world</p><!--:--><!--:km--><!--:-->	<!--:en-->hello world content hello world  hello world content hello world<!--:--><!--:km--><!--:-->	published	\N	\N	public	\N	Post	2018-01-12 03:28:48.780148	2018-01-12 03:34:37.567668	1	4	277	f
213	About	<!--:en-->about<!--:--><!--:km-->about<!--:-->	<!--:en--><p style="text-align: left;"><span style="color: #808080;">OSCaR is the Open Source Case-management and Record-keeping system. OSCaR was developed by Children in Families, a Cambodian NGO, with technical support from Save the Children International, and funding from USAID.</span></p>\r\n<p style="text-align: left;"><span style="color: #808080;">Children in Families is an NGO specialising in family-based care of children in Cambodia, with an emphasis on regular, ongoing case management of the kids we&rsquo;re responsible for. OSCaR sits within our programming, both informed by, and informing, our day-to-day practice.</span></p>\r\n<ul style="list-style-type: square;"></ul>\r\n<h5 style="text-align: left;"><span style="color: #808080;">In developing OSCaR, we had three goals:</span></h5>\r\n<ol>\r\n<li style="text-align: left;"><span style="color: #808080;">To provide a toolset that would strengthen our case-management practice so that we could achieve better outcomes for our clients.</span></li>\r\n<li style="text-align: left;"><span style="color: #808080;">To better monitor those outcomes, so that our programming decisions and reporting would both be to a higher standard.</span></li>\r\n<li style="text-align: left;"><span style="color: #808080;">To do both those things in English, and in the mother-language of our staff.</span><span style="color: #808080;"></span></li>\r\n</ol>\r\n<p><span style="color: #808080;"></span></p>\r\n<p style="text-align: left;"><span style="color: #808080;">Designed firstly by social workers, but with strong input from those who understand data management and analysis, OSCaR provides a complete and customisable suite of tools for organisations delivering social-work related programs</span></p>\r\n<h5 style="text-align: left;"><span style="color: #808080;">OSCaR&rsquo;s toolset allows you to</span></h5>\r\n<ul style="list-style-type: square; text-align: left;">\r\n<li><span style="color: #808080;">Support and guide strong case management practice by your staff, with assessment, care-planning and follow-up all integrated in a central tool-set.</span></li>\r\n<li><span style="color: #808080;">Accurately model your organisation&rsquo;s programs, using customisable form sets and conditions for program enrolment.</span></li>\r\n<li><span style="color: #808080;">Build, save, reproduce and export customized reports for all the data collected within the system, across your whole client body.</span></li>\r\n<li><span style="color: #808080;">Use the system in one of x languages, or quickly add your own, community translation if your language isn&rsquo;t already represented.</span><span style="color: #808080;"></span></li>\r\n</ul>\r\n<p><span style="color: #808080;"></span></p>\r\n<p style="text-align: left;"><span style="color: #808080;">OSCaR is now used by over a dozen NGOs across Cambodia, and more internationally, and is in the process of being integrated into the Cambodian Royal Government&rsquo;s own processes for maintaining the wellbeing of vulnerable Cambodian children.</span></p>\r\n<p style="text-align: left;"><span style="color: #808080;"></span></p>\r\n<p style="text-align: left;"><span style="color: #808080;">tew</span></p>\r\n<p style="text-align: left;"><span style="color: #808080;">fdsf</span></p><!--:--><!--:km--><p>lorem_ipsum</p><!--:-->	<!--:en-->OSCaR is the Open Source Case-management and Record-keeping system. OSCaR was developed by Children in Families, a Cambodian NGO, with technical support from Save the Children International, and funding from USAID. Children in Families is an NGO specialising in family-based care of children in Cambodia, with an emphasis on regular, ongoing case management of the kids we’re responsible for. OSCaR sits within our programming, both informed by, and informing, our day-to-day practice.  In developing OSCaR, we had three goals:  To provide a toolset that would strengthen our case-management practice so that we could achieve better outcomes for our clients. To better monitor those outcomes, so that our programming decisions and reporting would both be to a higher standard. To do both those things in English, and in the mother-language of our staff.   Designed firstly by social workers, but with strong input from those who understand data management and analysis, OSCaR provides a complete and customisable suite of tools for organisations delivering social-work related programs OSCaR’s toolset allows you to  Support and guide strong case management practice by your staff, with assessment, care-planning and follow-up all integrated in a central tool-set. Accurately model your organisation’s programs, using customisable form sets and conditions for program enrolment. Build, save, reproduce and export customized reports for all the data collected within the system, across your whole client body. Use the system in one of x languages, or quickly add your own, community translation if your language isn’t already represented.   OSCaR is now used by over a dozen NGOs across Cambodia, and more internationally, and is in the process of being integrated into the Cambodian Royal Government’s own processes for maintaining the wellbeing of vulnerable Cambodian children.  tew fdsf<!--:--><!--:km-->lorem_ipsum<!--:-->	published	\N	\N	public	\N	Post	2018-01-10 07:36:42.870033	2018-01-17 04:41:50.449169	\N	3	7	f
235	Contact Us	<!--:en-->contact-us<!--:--><!--:km-->contact-us<!--:-->	<!--:en--><p>lorem_ipsum</p><!--:--><!--:km--><p>lorem_ipsum</p><!--:-->	<!--:en-->lorem_ipsum<!--:--><!--:km-->lorem_ipsum<!--:-->	published	\N	\N	public	\N	Post	2018-01-17 06:45:40.128732	2018-01-17 06:46:19.615216	\N	10	7	f
236	<!--:en-->ABC<!--:--><!--:km-->ABC<!--:-->	<!--:en-->abc<!--:--><!--:km-->abc<!--:-->	<!--:en--><p>Hello testing.</p><!--:--><!--:km--><!--:-->	<!--:en-->Hello testing.<!--:--><!--:km--><!--:-->	published	\N	\N	public	\N	Post	2018-01-17 08:10:32.601343	2018-01-17 08:10:32.601343	1	11	7	f
\.


--
-- Data for Name: cama_term_relationships; Type: TABLE DATA; Schema: public; Owner: postgres
--

COPY cama_term_relationships (id, objectid, term_order, term_taxonomy_id) FROM stdin;
1	1	\N	6
2	3	\N	6
3	10	\N	40
\.


--
-- Data for Name: cama_term_taxonomy; Type: TABLE DATA; Schema: public; Owner: postgres
--

COPY cama_term_taxonomy (id, taxonomy, description, parent_id, count, name, slug, term_group, term_order, status, created_at, updated_at, user_id) FROM stdin;
2	post_type	Posts	1	\N	Post	post	\N	\N	\N	2017-11-20 06:47:50.288415	2017-11-20 06:47:50.288415	\N
3	user_roles	Default roles admin	1	\N	Administrator	admin	-1	\N	\N	2017-11-20 06:47:50.341219	2017-11-20 06:47:50.341219	\N
4	user_roles	Editor Role	1	\N	Editor	editor	\N	\N	\N	2017-11-20 06:47:50.358445	2017-11-20 06:47:50.358445	\N
5	user_roles	Contributor Role	1	\N	Contributor	contributor	\N	\N	\N	2017-11-20 06:47:50.374158	2017-11-20 06:47:50.374158	\N
7	post_type	Pages	1	\N	Page	page	\N	\N	\N	2017-11-20 06:47:50.528855	2017-11-20 06:47:50.528855	\N
332	nav_menu	\N	1	1	Footer Main Menu	footer-main-menu	\N	\N	\N	2018-01-11 08:38:00.764466	2018-01-11 08:38:00.764466	\N
333	nav_menu_item	<!--:en-->https://www.w3schools.com/cssref/sel_firstchild.asp<!--:--><!--:km--><!--:-->	332	\N	<!--:en-->customer<!--:--><!--:km--><!--:-->	external	1	1	_blank	2018-01-11 08:40:45.111745	2018-01-11 08:40:45.111745	\N
38	site	testDomain	\N	\N	testDomain	test_domain.com:3000	\N	\N	\N	2017-11-20 08:58:57.000319	2017-11-20 09:02:02.208308	\N
11	user_roles	Default roles client	1	\N	Client	client	-1	\N	\N	2017-11-20 06:47:51.052801	2017-11-20 06:47:51.052801	\N
12	plugin	\N	1	\N	front_cache	front_cache	1	\N	\N	2017-11-20 06:47:51.196865	2017-11-20 06:47:51.207923	\N
13	plugin	\N	1	\N	cama_contact_form	cama_contact_form	1	\N	\N	2017-11-20 06:47:51.324195	2017-11-20 06:47:51.331698	\N
14	plugin	\N	1	\N	attack	attack	1	\N	\N	2017-11-20 06:47:51.433629	2017-11-20 06:47:51.442352	\N
15	plugin	\N	1	\N	cama_meta_tag	cama_meta_tag	1	\N	\N	2017-11-20 06:47:51.576432	2017-11-20 06:47:51.584701	\N
49	theme	\N	38	\N	default	default	\N	\N	inactive	2017-11-20 08:58:58.627381	2017-11-20 08:58:58.637835	\N
6	category	\N	2	2	Uncategorized	uncategorized	1	\N	2	2017-11-20 06:47:50.397739	2017-11-20 06:47:50.397739	\N
50	theme	\N	38	\N	Default Theme	camaleon_first	\N	\N	\N	2017-11-20 09:04:02.196802	2017-11-20 09:04:02.196802	\N
54	nav_menu	\N	1	8	Main Menu	main_menu	\N	\N	\N	2017-11-22 05:01:59.136564	2017-11-22 05:01:59.136564	\N
271	post_type	\N	1	\N	Home Customer Image	home-customer-image	\N	\N	\N	2017-12-15 09:48:31.650877	2017-12-15 09:48:31.650877	\N
272	post_type	\N	1	\N	Blog Post	home-latest-blog-post	\N	\N	\N	2017-12-15 09:48:31.887567	2017-12-15 09:48:31.887567	\N
273	post_type	\N	1	\N	Testimonials	home-testimonials	\N	\N	\N	2017-12-15 09:48:32.142262	2017-12-15 09:48:32.142262	\N
274	post_type	\N	1	\N	About Score	about-score	\N	\N	\N	2017-12-15 09:48:32.392797	2017-12-15 09:48:32.392797	\N
275	post_type	\N	1	\N	About Progress	about-who-we-are-progress	\N	\N	\N	2017-12-15 09:48:32.662412	2017-12-15 09:48:32.662412	\N
303	post_type	\N	1	\N	About Us	about-us	\N	\N	\N	2018-01-10 04:15:52.866366	2018-01-10 04:15:52.866366	\N
39	post_type	Posts	38	\N	Post	post	\N	\N	\N	2017-11-20 08:58:57.004747	2017-11-20 08:58:57.004747	\N
40	category	\N	39	\N	Uncategorized	uncategorized	38	\N	39	2017-11-20 08:58:57.037117	2017-11-20 08:58:57.037117	\N
41	post_type	Pages	38	\N	Page	page	\N	\N	\N	2017-11-20 08:58:57.261971	2017-11-20 08:58:57.261971	\N
22	plugin	\N	1	\N	camaleon_post_order	camaleon_post_order	1	\N	\N	2017-11-20 07:10:36.260294	2017-11-20 07:10:36.271207	\N
1	site		\N	\N	OSCar Website	localhost:3000	\N	\N		2017-11-20 06:47:50.166234	2017-11-20 07:13:03.407493	\N
277	post_type	\N	1	\N	Service	service	\N	\N	\N	2017-12-15 09:48:33.448318	2017-12-15 09:48:33.448318	\N
278	post_type	\N	1	\N	Pricing	pricing-card	\N	\N	\N	2017-12-15 09:48:33.711918	2017-12-15 09:48:33.711918	\N
318	nav_menu_item	213	54	\N	auto	post	1	1	\N	2018-01-10 07:39:10.825767	2018-01-11 09:25:09.034856	\N
43	nav_menu_item	10	42	\N	Sample Post	post	38	1	\N	2017-11-20 08:58:57.510112	2017-11-20 08:58:57.510112	\N
319	nav_menu_item	214	54	\N	auto	post	1	2	\N	2018-01-10 07:39:10.83619	2018-01-11 09:25:09.040344	\N
42	nav_menu	\N	38	2	Main Menu	main_menu	\N	\N	\N	2017-11-20 08:58:57.47415	2017-11-20 08:58:57.47415	\N
279	post_type	\N	1	\N	FAQ	faq-post-type	\N	\N	\N	2017-12-15 09:48:33.993838	2017-12-15 09:48:33.993838	\N
44	nav_menu_item	11	42	\N	Welcome	post	38	2	\N	2017-11-20 08:58:57.529441	2017-11-20 08:58:57.529441	\N
45	plugin	\N	38	\N	front_cache	front_cache	1	\N	\N	2017-11-20 08:58:57.756599	2017-11-20 08:58:57.764509	\N
320	nav_menu_item	215	54	\N	auto	post	1	3	\N	2018-01-10 07:39:10.844096	2018-01-11 09:25:09.04428	\N
46	plugin	\N	38	\N	cama_contact_form	cama_contact_form	1	\N	\N	2017-11-20 08:58:57.968081	2017-11-20 08:58:57.976702	\N
47	plugin	\N	38	\N	attack	attack	1	\N	\N	2017-11-20 08:58:58.232016	2017-11-20 08:58:58.244808	\N
48	plugin	\N	38	\N	cama_meta_tag	cama_meta_tag	1	\N	\N	2017-11-20 08:58:58.448743	2017-11-20 08:58:58.456388	\N
321	nav_menu_item	216	54	\N	auto	post	1	4	\N	2018-01-10 07:39:10.852356	2018-01-11 09:25:09.048148	\N
337	nav_menu_item	224	54	\N	auto	post	1	5	\N	2018-01-11 09:25:00.786055	2018-01-11 09:25:09.052296	\N
324	nav_menu_item	219	54	\N	auto	post	1	7	\N	2018-01-10 07:39:10.879488	2018-01-11 09:25:09.066452	\N
341	nav_menu_item	233	54	\N	auto	post	1	0	\N	2018-01-17 02:31:52.864208	2018-01-17 02:31:55.912474	\N
354	nav_menu_item	235	54	\N	auto	post	1	6	\N	2018-01-17 06:46:31.266675	2018-01-17 06:46:34.554496	\N
326	post_type		1	\N	Features	features	\N	\N	\N	2018-01-11 02:31:23.061494	2018-01-17 08:59:53.606088	\N
329	nav_menu	\N	1	2	Footer Get To Know Us	get-to-know-us	\N	\N	\N	2018-01-11 07:21:24.908276	2018-01-11 08:37:44.529043	\N
355	nav_menu_item	<!--:en-->http://htmltohaml.com/<!--:--><!--:km--><!--:-->	329	\N	<!--:en-->hello me<!--:--><!--:km--><!--:-->	external	1	2		2018-01-17 09:32:10.682546	2018-01-17 09:32:10.682546	\N
16	theme	\N	1	\N	default	default	\N	\N	inactive	2017-11-20 06:47:51.690866	2018-01-17 05:53:05.620972	\N
51	theme	\N	1	\N	Oscar Website	oscar_website	\N	\N	\N	2017-11-20 09:23:13.554231	2018-01-18 03:07:34.214609	\N
331	nav_menu_item	213	329	\N	auto	post	1	2	\N	2018-01-11 07:36:31.45966	2018-01-11 07:36:31.45966	\N
\.


--
-- Data for Name: cama_users; Type: TABLE DATA; Schema: public; Owner: postgres
--

COPY cama_users (id, username, role, email, slug, password_digest, auth_token, password_reset_token, parent_id, password_reset_sent_at, last_login_at, created_at, updated_at, site_id, confirm_email_token, confirm_email_sent_at, is_valid_email, first_name, last_name) FROM stdin;
2	anonymous	client	anonymous_user@local.com	\N	$2a$10$L9vVoxfF8MKmZa25KLnCBu.FwdVP0ljP9XVYZki/uRQo517WVEVoW	k8hGpZQ_rR0PHUFU__cQ1Q	\N	\N	\N	\N	2017-11-20 06:47:51.020694	2017-11-20 06:47:51.020694	-1	\N	\N	t	Anonymous	\N
3	user1	contributor	user1@gmail.com	\N	$2a$10$KIGy.MjO2YvFep1NI6uUyupSwdy37Vs6VvmYu3kOh72f5S9/W30Me	XTPJ6UV46GN8O1dyYbBlLg	\N	\N	\N	2017-11-20 08:31:08.804046	2017-11-20 08:30:51.40617	2017-11-20 08:31:08.806363	-1	\N	\N	t	user1	user1
1	admin	admin	admin@local.com	\N	$2a$10$zub4IMsqY68LCUMlkH7/JuYLlmwpm0chwZblIIiCdslcQJw5JUdPe	gJYknMxC_zvUVvAbUvXe_w	\N	\N	\N	2018-01-18 02:39:35.212728	2017-11-20 06:47:50.762679	2018-01-18 02:39:35.223403	-1	\N	\N	t	Administrator	\N
\.


--
-- Data for Name: plugins_attacks; Type: TABLE DATA; Schema: public; Owner: postgres
--

COPY plugins_attacks (id, path, browser_key, site_id, created_at) FROM stdin;
16524	get_/home	d6b619e1b915d9d3311a294580be9f8d	1	2018-01-19 03:28:49.875921
16525	get_/home	d6b619e1b915d9d3311a294580be9f8d	1	2018-01-19 03:28:50.749912
16526	get_/features-set	d6b619e1b915d9d3311a294580be9f8d	1	2018-01-19 03:28:51.752455
16527	get_/features/first-feature	d6b619e1b915d9d3311a294580be9f8d	1	2018-01-19 03:28:56.373747
132	get_/	428c03d91bc060ba4623e2bd327fd040	38	2017-11-21 02:29:42.14572
16528	get_/home	d6b619e1b915d9d3311a294580be9f8d	1	2018-01-19 03:29:00.359073
16529	get_/home	d6b619e1b915d9d3311a294580be9f8d	1	2018-01-19 03:29:01.08378
16515	get_/	d6b619e1b915d9d3311a294580be9f8d	1	2018-01-19 03:27:10.028588
16516	get_/	d6b619e1b915d9d3311a294580be9f8d	1	2018-01-19 03:27:13.607298
16517	get_/about	d6b619e1b915d9d3311a294580be9f8d	1	2018-01-19 03:27:19.858289
16518	get_/features-set	d6b619e1b915d9d3311a294580be9f8d	1	2018-01-19 03:27:24.637034
16519	get_/pricing	d6b619e1b915d9d3311a294580be9f8d	1	2018-01-19 03:27:27.380549
16520	get_/testimonials	d6b619e1b915d9d3311a294580be9f8d	1	2018-01-19 03:27:29.597138
16521	get_/services	d6b619e1b915d9d3311a294580be9f8d	1	2018-01-19 03:27:34.67714
16522	get_/contact-us	d6b619e1b915d9d3311a294580be9f8d	1	2018-01-19 03:27:42.24292
16523	get_/blog	d6b619e1b915d9d3311a294580be9f8d	1	2018-01-19 03:27:47.232629
\.


--
-- Data for Name: plugins_contact_forms; Type: TABLE DATA; Schema: public; Owner: postgres
--

COPY plugins_contact_forms (id, site_id, count, parent_id, name, slug, description, value, settings, created_at, updated_at) FROM stdin;
1	1	\N	\N	hello world	hello-world	\N	{"fields":[]}	{}	2017-11-20 08:56:05.996827	2017-11-20 08:56:05.996827
\.


--
-- Data for Name: schema_migrations; Type: TABLE DATA; Schema: public; Owner: postgres
--

COPY schema_migrations (version) FROM stdin;
20171113073020
20171113073021
20171113073022
20171113073023
20171113073024
20171113073025
20171113073026
20171113073027
20171113073028
20171113073029
\.


--
-- Name: cama_comments_id_seq; Type: SEQUENCE SET; Schema: public; Owner: postgres
--

SELECT pg_catalog.setval('cama_comments_id_seq', 1, false);


--
-- Name: cama_custom_fields_id_seq; Type: SEQUENCE SET; Schema: public; Owner: postgres
--

SELECT pg_catalog.setval('cama_custom_fields_id_seq', 959, true);


--
-- Name: cama_custom_fields_relationships_id_seq; Type: SEQUENCE SET; Schema: public; Owner: postgres
--

SELECT pg_catalog.setval('cama_custom_fields_relationships_id_seq', 22325, true);


--
-- Name: cama_metas_id_seq; Type: SEQUENCE SET; Schema: public; Owner: postgres
--

SELECT pg_catalog.setval('cama_metas_id_seq', 1581, true);


--
-- Name: cama_posts_id_seq; Type: SEQUENCE SET; Schema: public; Owner: postgres
--

SELECT pg_catalog.setval('cama_posts_id_seq', 311, true);


--
-- Name: cama_term_relationships_id_seq; Type: SEQUENCE SET; Schema: public; Owner: postgres
--

SELECT pg_catalog.setval('cama_term_relationships_id_seq', 1, true);


--
-- Name: cama_term_taxonomy_id_seq; Type: SEQUENCE SET; Schema: public; Owner: postgres
--

SELECT pg_catalog.setval('cama_term_taxonomy_id_seq', 119, true);


--
-- Name: cama_users_id_seq; Type: SEQUENCE SET; Schema: public; Owner: postgres
--

SELECT pg_catalog.setval('cama_users_id_seq', 7, true);


--
-- Name: plugins_attacks_id_seq; Type: SEQUENCE SET; Schema: public; Owner: postgres
--

SELECT pg_catalog.setval('plugins_attacks_id_seq', 16529, true);


--
-- Name: plugins_contact_forms_id_seq; Type: SEQUENCE SET; Schema: public; Owner: postgres
--

SELECT pg_catalog.setval('plugins_contact_forms_id_seq', 1, false);


--
-- Name: ar_internal_metadata ar_internal_metadata_pkey; Type: CONSTRAINT; Schema: public; Owner: postgres
--

ALTER TABLE ONLY ar_internal_metadata
    ADD CONSTRAINT ar_internal_metadata_pkey PRIMARY KEY (key);


--
-- Name: cama_comments cama_comments_pkey; Type: CONSTRAINT; Schema: public; Owner: postgres
--

ALTER TABLE ONLY cama_comments
    ADD CONSTRAINT cama_comments_pkey PRIMARY KEY (id);


--
-- Name: cama_custom_fields cama_custom_fields_pkey; Type: CONSTRAINT; Schema: public; Owner: postgres
--

ALTER TABLE ONLY cama_custom_fields
    ADD CONSTRAINT cama_custom_fields_pkey PRIMARY KEY (id);


--
-- Name: cama_custom_fields_relationships cama_custom_fields_relationships_pkey; Type: CONSTRAINT; Schema: public; Owner: postgres
--

ALTER TABLE ONLY cama_custom_fields_relationships
    ADD CONSTRAINT cama_custom_fields_relationships_pkey PRIMARY KEY (id);


--
-- Name: cama_metas cama_metas_pkey; Type: CONSTRAINT; Schema: public; Owner: postgres
--

ALTER TABLE ONLY cama_metas
    ADD CONSTRAINT cama_metas_pkey PRIMARY KEY (id);


--
-- Name: cama_posts cama_posts_pkey; Type: CONSTRAINT; Schema: public; Owner: postgres
--

ALTER TABLE ONLY cama_posts
    ADD CONSTRAINT cama_posts_pkey PRIMARY KEY (id);


--
-- Name: cama_term_relationships cama_term_relationships_pkey; Type: CONSTRAINT; Schema: public; Owner: postgres
--

ALTER TABLE ONLY cama_term_relationships
    ADD CONSTRAINT cama_term_relationships_pkey PRIMARY KEY (id);


--
-- Name: cama_term_taxonomy cama_term_taxonomy_pkey; Type: CONSTRAINT; Schema: public; Owner: postgres
--

ALTER TABLE ONLY cama_term_taxonomy
    ADD CONSTRAINT cama_term_taxonomy_pkey PRIMARY KEY (id);


--
-- Name: cama_users cama_users_pkey; Type: CONSTRAINT; Schema: public; Owner: postgres
--

ALTER TABLE ONLY cama_users
    ADD CONSTRAINT cama_users_pkey PRIMARY KEY (id);


--
-- Name: plugins_attacks plugins_attacks_pkey; Type: CONSTRAINT; Schema: public; Owner: postgres
--

ALTER TABLE ONLY plugins_attacks
    ADD CONSTRAINT plugins_attacks_pkey PRIMARY KEY (id);


--
-- Name: plugins_contact_forms plugins_contact_forms_pkey; Type: CONSTRAINT; Schema: public; Owner: postgres
--

ALTER TABLE ONLY plugins_contact_forms
    ADD CONSTRAINT plugins_contact_forms_pkey PRIMARY KEY (id);


--
-- Name: schema_migrations schema_migrations_pkey; Type: CONSTRAINT; Schema: public; Owner: postgres
--

ALTER TABLE ONLY schema_migrations
    ADD CONSTRAINT schema_migrations_pkey PRIMARY KEY (version);


--
-- Name: index_cama_comments_on_approved; Type: INDEX; Schema: public; Owner: postgres
--

CREATE INDEX index_cama_comments_on_approved ON cama_comments USING btree (approved);


--
-- Name: index_cama_comments_on_comment_parent; Type: INDEX; Schema: public; Owner: postgres
--

CREATE INDEX index_cama_comments_on_comment_parent ON cama_comments USING btree (comment_parent);


--
-- Name: index_cama_comments_on_post_id; Type: INDEX; Schema: public; Owner: postgres
--

CREATE INDEX index_cama_comments_on_post_id ON cama_comments USING btree (post_id);


--
-- Name: index_cama_comments_on_user_id; Type: INDEX; Schema: public; Owner: postgres
--

CREATE INDEX index_cama_comments_on_user_id ON cama_comments USING btree (user_id);


--
-- Name: index_cama_custom_fields_on_object_class; Type: INDEX; Schema: public; Owner: postgres
--

CREATE INDEX index_cama_custom_fields_on_object_class ON cama_custom_fields USING btree (object_class);


--
-- Name: index_cama_custom_fields_on_objectid; Type: INDEX; Schema: public; Owner: postgres
--

CREATE INDEX index_cama_custom_fields_on_objectid ON cama_custom_fields USING btree (objectid);


--
-- Name: index_cama_custom_fields_on_parent_id; Type: INDEX; Schema: public; Owner: postgres
--

CREATE INDEX index_cama_custom_fields_on_parent_id ON cama_custom_fields USING btree (parent_id);


--
-- Name: index_cama_custom_fields_on_slug; Type: INDEX; Schema: public; Owner: postgres
--

CREATE INDEX index_cama_custom_fields_on_slug ON cama_custom_fields USING btree (slug);


--
-- Name: index_cama_custom_fields_relationships_on_custom_field_id; Type: INDEX; Schema: public; Owner: postgres
--

CREATE INDEX index_cama_custom_fields_relationships_on_custom_field_id ON cama_custom_fields_relationships USING btree (custom_field_id);


--
-- Name: index_cama_custom_fields_relationships_on_custom_field_slug; Type: INDEX; Schema: public; Owner: postgres
--

CREATE INDEX index_cama_custom_fields_relationships_on_custom_field_slug ON cama_custom_fields_relationships USING btree (custom_field_slug);


--
-- Name: index_cama_custom_fields_relationships_on_object_class; Type: INDEX; Schema: public; Owner: postgres
--

CREATE INDEX index_cama_custom_fields_relationships_on_object_class ON cama_custom_fields_relationships USING btree (object_class);


--
-- Name: index_cama_custom_fields_relationships_on_objectid; Type: INDEX; Schema: public; Owner: postgres
--

CREATE INDEX index_cama_custom_fields_relationships_on_objectid ON cama_custom_fields_relationships USING btree (objectid);


--
-- Name: index_cama_metas_on_key; Type: INDEX; Schema: public; Owner: postgres
--

CREATE INDEX index_cama_metas_on_key ON cama_metas USING btree (key);


--
-- Name: index_cama_metas_on_object_class; Type: INDEX; Schema: public; Owner: postgres
--

CREATE INDEX index_cama_metas_on_object_class ON cama_metas USING btree (object_class);


--
-- Name: index_cama_metas_on_objectid; Type: INDEX; Schema: public; Owner: postgres
--

CREATE INDEX index_cama_metas_on_objectid ON cama_metas USING btree (objectid);


--
-- Name: index_cama_posts_on_post_class; Type: INDEX; Schema: public; Owner: postgres
--

CREATE INDEX index_cama_posts_on_post_class ON cama_posts USING btree (post_class);


--
-- Name: index_cama_posts_on_post_parent; Type: INDEX; Schema: public; Owner: postgres
--

CREATE INDEX index_cama_posts_on_post_parent ON cama_posts USING btree (post_parent);


--
-- Name: index_cama_posts_on_slug; Type: INDEX; Schema: public; Owner: postgres
--

CREATE INDEX index_cama_posts_on_slug ON cama_posts USING btree (slug);


--
-- Name: index_cama_posts_on_status; Type: INDEX; Schema: public; Owner: postgres
--

CREATE INDEX index_cama_posts_on_status ON cama_posts USING btree (status);


--
-- Name: index_cama_posts_on_user_id; Type: INDEX; Schema: public; Owner: postgres
--

CREATE INDEX index_cama_posts_on_user_id ON cama_posts USING btree (user_id);


--
-- Name: index_cama_term_relationships_on_objectid; Type: INDEX; Schema: public; Owner: postgres
--

CREATE INDEX index_cama_term_relationships_on_objectid ON cama_term_relationships USING btree (objectid);


--
-- Name: index_cama_term_relationships_on_term_order; Type: INDEX; Schema: public; Owner: postgres
--

CREATE INDEX index_cama_term_relationships_on_term_order ON cama_term_relationships USING btree (term_order);


--
-- Name: index_cama_term_relationships_on_term_taxonomy_id; Type: INDEX; Schema: public; Owner: postgres
--

CREATE INDEX index_cama_term_relationships_on_term_taxonomy_id ON cama_term_relationships USING btree (term_taxonomy_id);


--
-- Name: index_cama_term_taxonomy_on_parent_id; Type: INDEX; Schema: public; Owner: postgres
--

CREATE INDEX index_cama_term_taxonomy_on_parent_id ON cama_term_taxonomy USING btree (parent_id);


--
-- Name: index_cama_term_taxonomy_on_slug; Type: INDEX; Schema: public; Owner: postgres
--

CREATE INDEX index_cama_term_taxonomy_on_slug ON cama_term_taxonomy USING btree (slug);


--
-- Name: index_cama_term_taxonomy_on_taxonomy; Type: INDEX; Schema: public; Owner: postgres
--

CREATE INDEX index_cama_term_taxonomy_on_taxonomy ON cama_term_taxonomy USING btree (taxonomy);


--
-- Name: index_cama_term_taxonomy_on_term_order; Type: INDEX; Schema: public; Owner: postgres
--

CREATE INDEX index_cama_term_taxonomy_on_term_order ON cama_term_taxonomy USING btree (term_order);


--
-- Name: index_cama_term_taxonomy_on_user_id; Type: INDEX; Schema: public; Owner: postgres
--

CREATE INDEX index_cama_term_taxonomy_on_user_id ON cama_term_taxonomy USING btree (user_id);


--
-- Name: index_cama_users_on_email; Type: INDEX; Schema: public; Owner: postgres
--

CREATE INDEX index_cama_users_on_email ON cama_users USING btree (email);


--
-- Name: index_cama_users_on_role; Type: INDEX; Schema: public; Owner: postgres
--

CREATE INDEX index_cama_users_on_role ON cama_users USING btree (role);


--
-- Name: index_cama_users_on_site_id; Type: INDEX; Schema: public; Owner: postgres
--

CREATE INDEX index_cama_users_on_site_id ON cama_users USING btree (site_id);


--
-- Name: index_cama_users_on_username; Type: INDEX; Schema: public; Owner: postgres
--

CREATE INDEX index_cama_users_on_username ON cama_users USING btree (username);


--
-- Name: index_plugins_attacks_on_browser_key; Type: INDEX; Schema: public; Owner: postgres
--

CREATE INDEX index_plugins_attacks_on_browser_key ON plugins_attacks USING btree (browser_key);


--
-- Name: index_plugins_attacks_on_path; Type: INDEX; Schema: public; Owner: postgres
--

CREATE INDEX index_plugins_attacks_on_path ON plugins_attacks USING btree (path);


--
-- Name: index_plugins_attacks_on_site_id; Type: INDEX; Schema: public; Owner: postgres
--

CREATE INDEX index_plugins_attacks_on_site_id ON plugins_attacks USING btree (site_id);


--
-- PostgreSQL database dump complete
--

